stationName,lat,long,crsCode,iataAirportCode
Abbey Wood,51.490719,0.120343,ABW,
Aber,51.575363,-3.23089,ABE,
Abercynon,51.64262,-3.329549,ACY,
Aberdare,51.715019,-3.44313,ABA,
Aberdeen,57.143127,-2.097464,ABD,
Aberdour,56.054646,-3.300575,AUR,
Aberdovey,52.543934,-4.057118,AVY,
Abererch,52.898567,-4.37423,ABH,
Abergavenny,51.81665,-3.009679,AGV,
Abergele & Pensarn,53.294758,-3.581343,AGL,
Aberystwyth,52.414017,-4.081946,AYW,
Accrington,53.753193,-2.370016,ACR,
Achanalt,57.609921,-4.914243,AAT,
Achnasheen,57.579205,-5.072421,ACN,
Achnashellach,57.482697,-5.333001,ACH,
Acklington,55.307129,-1.651816,ACK,
Acle,52.634647,1.543981,ACL,
Acocks Green,52.449291,-1.81898,ACG,
Acton Bridge,53.265961,-2.602689,ACB,
Acton Central,51.508717,-0.263601,ACC,
Acton Main Line,51.516865,-0.26762,AML,
Adderley Park,52.483505,-1.854184,ADD,
Addiewell,55.843449,-3.60655,ADW,
Addlestone,51.372414,-0.48571,ASN,
Adisham,51.241352,1.199277,ADM,
Adlington (Cheshire),53.319542,-2.133571,ADC,
Adlington (Lancashire),53.612926,-2.603084,ADL,
Adwick,53.572994,-1.181465,AWK,
Aigburth,53.364614,-2.927041,AIG,
Ainsdale,53.601818,-3.042691,ANS,
Aintree,53.473995,-2.956687,AIN,
Airbles,55.782504,-3.994447,AIR,
Airdrie,55.864029,-3.982952,ADR,
Albany Park,51.435745,0.126427,AYP,
Albrighton,52.637917,-2.268913,ALB,
Alderley Edge,53.303762,-2.236812,ALD,
Aldermaston,51.402047,-1.136972,AMT,
Aldershot,51.246151,-0.760657,AHT,
Aldrington,50.836601,-0.182151,AGT,
Alexandra Palace,51.598225,-0.120129,AAP,
Alexandra Parade,55.863724,-4.211465,AXP,
Alexandria,55.98513,-4.577534,ALX,
Alfreton,53.100414,-1.369689,ALF,
Allens West,54.524128,-1.363418,ALW,
Alloa,56.1179,-3.7872,ALO,
Alness,57.694477,-4.249743,ASS,
Alnmouth,55.392456,-1.636858,ALM,
Alresford,51.853828,0.997114,ALR,
Alsager,53.093054,-2.29861,ASG,
Althorne,51.647526,0.753603,ALN,
Althorpe,53.585262,-0.732558,ALP,
Altnabreac,58.388439,-3.705279,ABC,
Alton,51.151947,-0.967658,AON,
Altrincham,53.3874,-2.347212,ALT,
Alvechurch,52.346607,-1.967854,ALV,
Ambergate,53.060501,-1.4807,AMB,
Amberley,50.896507,-0.542446,AMY,
Amersham,51.67439,-0.60613,AMR,
Ammanford,51.795933,-3.996783,AMF,
Ancaster,52.987888,-0.535596,ANC,
Anderston,55.859924,-4.271969,AND,
Andover,51.212048,-1.493167,ADV,
Anerley,51.41163,-0.064348,ANZ,
Angmering,50.816704,-0.489559,ANG,
Annan,54.98386,-3.262603,ANN,
Anniesland,55.889553,-4.321684,ANL,
Ansdell & Fairhaven,53.741558,-2.993077,AFV,
Apperley Bridge,53.84138,-1.703065,APY,
Appleby,54.58032,-2.486692,APP,
Appledore (Kent),51.032623,0.816826,APD,
Appleford,51.639562,-1.242375,APF,
Appley Bridge,53.579029,-2.718906,APB,
Apsley,51.732712,-0.463568,APS,
Arbroath,56.559628,-2.588928,ARB,
Ardgay,57.881119,-4.362604,ARD,
Ardlui,56.302025,-4.721712,AUI,
Ardrossan Harbour,55.640854,-4.823461,ADS,
Ardrossan South Beach,55.640495,-4.799593,ASB,
Ardrossan Town,55.639313,-4.812212,ADN,
Ardwick,53.47134,-2.213893,ADK,
Argyle Street,55.855938,-4.244574,AGS,
Arisaig,56.912617,-5.839141,ARG,
Arlesey,52.025938,-0.266178,ARL,
Armadale,55.88639,-3.68504,ARM,
Armathwaite,54.809611,-2.77209,AWT,
Arnside,54.202114,-2.827783,ARN,
Arram,53.884567,-0.426833,ARR,
Arrochar & Tarbet,56.204021,-4.722822,ART,
Arundel,50.848003,-0.546796,ARU,
Ascot,51.406185,-0.675827,ACT,
Ascott-Under-Wychwood,51.867376,-1.564136,AUW,
Ash,51.249222,-0.711856,ASH,
Ash Vale,51.272709,-0.721247,AHV,
Ashburys,53.471761,-2.194991,ABY,
Ashchurch for Tewkesbury,51.997158,-2.10921,ASC,
Ashfield,55.889214,-4.2433,ASF,
Ashford International,51.14335294,0.875167251,AFK,
Ashford Surrey,51.436047,-0.469229,AFS,
Ashley,53.355984,-2.341029,ASY,
Ashley Down,51.4788,-2.5767,ASD,
Ashtead,51.317822,-0.308126,AHD,
Ashton-Under-Lyne,53.491264,-2.093415,AHN,
Ashurst Kent,51.128601,0.152298,AHS,
Ashurst New Forest,50.888865,-1.525097,ANF,
Ashwell & Morden,52.030586,-0.10934,AWM,
Askam,54.189049,-3.204545,ASK,
Aslockton,52.951351,-0.898541,ALK,
Aspatria,54.759338,-3.331752,ASP,
Aspley Guise,52.020725,-0.631519,APG,
Aston,52.505104,-1.871788,AST,
Atherstone,52.578949,-1.552808,ATH,
Atherton,53.528817,-2.478683,ATN,
Attadale,57.394871,-5.456549,ATT,
Attenborough,52.906322,-1.231262,ATB,
Attleborough,52.514214,1.022719,ATL,
Auchinleck,55.47031,-4.295389,AUK,
Audley End,52.004398,0.20719,AUD,
Aughton Park,53.55447,-2.895095,AUG,
Aviemore,57.18914,-3.828348,AVM,
Avoncliff,51.339596,-2.281342,AVF,
Avonmouth,51.500194,-2.699332,AVN,
Axminster,50.778976,-3.005613,AXM,
Aylesbury,51.813868,-0.815048,AYS,
Aylesbury Vale Parkway,51.8327,-0.8623,AVP,
Aylesford,51.301384,0.465964,AYL,
Aylesham,51.227185,1.209682,AYH,
Ayr,55.458248,-4.626878,AYR,
Bache,53.209312,-2.892386,BAC,
Baglan,51.61549,-3.811182,BAJ,
Bagshot,51.364964,-0.688501,BAG,
Baildon,53.849682,-1.753717,BLD,
Baillieston,55.844761,-4.11454,BIO,
Balcombe,51.05624,-0.137881,BAB,
Baldock,51.993156,-0.188106,BDK,
Balham,51.443169,-0.152403,BAL,
Balloch Central,56.002983,-4.583539,BHC,
Balmossie,56.475548,-2.83764,BSI,
Bamber Bridge,53.726772,-2.660793,BMB,
Bamford,53.338985,-1.689078,BAM,
Banavie,56.84338,-5.095477,BNV,
Banbury,52.060925,-1.327541,BAN,
Bangor (Gwynedd),53.222902,-4.135505,BNG,
Bank Hall,53.437357,-2.987509,BAH,
Banstead,51.329922,-0.214384,BAD,
Barassie,55.5611,-4.651181,BSS,
Bardon Mill,54.974636,-2.349922,BLL,
Bare Lane,54.074473,-2.835331,BAR,
Bargeddie,55.851776,-4.071789,BGI,
Bargoed,51.692268,-3.229717,BGD,
Barking,51.539982,0.080804,BKG,
Barking Riverside,51.519108,0.114764,BGV,
Barlaston,52.942856,-2.168118,BRT,
Barming,51.284904,0.479428,BMG,
Barmouth,52.72287,-4.056641,BRM,
Barnehurst,51.464798,0.160885,BNH,
Barnes Bridge,51.471676,-0.252051,BNI,
Barnes,51.467014,-0.240711,BNS,
Barnetby,53.574219,-0.409679,BTB,
Barnham,50.831135,-0.639627,BAA,
Barnhill,55.877895,-4.223463,BNL,
Barnsley,53.553978,-1.477688,BNY,
Barnstaple,51.073532,-4.064032,BNP,
Barnt Green,52.361328,-1.994098,BTG,
Barrhead,55.804535,-4.396411,BRR,
Barrhill,55.097031,-4.781834,BRL,
Barrow Haven,53.697128,-0.391427,BAV,
Barrow Upon Soar,52.750244,-1.14956,BWS,
Barrow-In-Furness,54.118879,-3.22614,BIF,
Barry Docks,51.402393,-3.260749,BYD,
Barry Island,51.392361,-3.273405,BYI,
Barry Links,56.493206,-2.745444,BYL,
Barry,51.396729,-3.285023,BRY,
Barton-On-Humber,53.688824,-0.443233,BAU,
Basildon,51.568672,0.457309,BSO,
Basingstoke,51.26804,-1.086896,BSK,
Bat & Ball,51.289703,0.194258,BBL,
Bath Spa,51.378059,-2.356302,BTH,
Bathgate,55.898678,-3.644019,BHG,
Batley,53.709129,-1.622734,BTL,
Battersby,54.457687,-1.092945,BTT,
Battersea Park,51.477272,-0.148151,BAK,
Battle,50.91312,0.495169,BAT,
Battlesbridge,51.624805,0.565826,BLB,
Bayford,51.758808,-0.096074,BAY,
Beaconsfield,51.611141,-0.643644,BCF,
Bearley,52.244252,-1.750259,BER,
Bearsden,55.917202,-4.332945,BRN,
Bearsted,51.275589,0.57786,BSD,
Beasdale,56.899624,-5.763864,BSL,
Beaulieu Road,50.854206,-1.505586,BEU,
Beauly,57.478,-4.4698,BEL,
Bebington,53.357651,-3.003659,BEB,
Beccles,52.458481,1.569547,BCC,
Beckenham Hill,51.424767,-0.016497,BEC,
Beckenham Junction,51.411446,-0.027144,BKJ,
Bedford St Johns,52.129299,-0.467348,BSJ,
Bedford,52.136175,-0.47945,BDM,
Bedhampton,50.853638,-0.996989,BDH,
Bedminster,51.440037,-2.594184,BMT,
Bedworth,52.479133,-1.46749,BEH,
Bedwyn,51.379715,-1.599077,BDW,
Beeston,52.920551,-1.207211,BEE,
Bekesbourne,51.261051,1.136125,BKS,
Belfast Central,54.5953,-5.9172,BFC,
Belle Vue,53.462181,-2.180809,BLV,
Bellgrove,55.857182,-4.22547,BLG,
Bellingham,51.433826,-0.020421,BGM,
Bellshill,55.816605,-4.025222,BLH,
Belmont,51.344086,-0.199471,BLM,
Belper,53.024555,-1.482622,BLP,
Beltring,51.204651,0.403518,BEG,
Belvedere,51.491936,0.152088,BVD,
Bempton,54.128296,-0.180389,BEM,
Ben Rhydding,53.926167,-1.797429,BEY,
Benfleet,51.543964,0.561273,BEF,
Bentham,54.115791,-2.510918,BEN,
Bentley (Hampshire),51.180695,-0.868287,BTY,
Bentley (South Yorkshire),53.542865,-1.148788,BYK,
Bere Alston,50.485535,-4.200418,BAS,
Bere Ferrers,50.450798,-4.181901,BFE,
Berkhamsted,51.763638,-0.562498,BKM,
Berkswell,52.395851,-1.642845,BKW,
Bermuda Park,52.5029,-1.4726,BEP,
Berney Arms,52.589745,1.63043,BYA,
Berry Brow,53.622368,-1.797371,BBW,
Berrylands,51.39838,-0.282157,BRS,
Berwick (Sussex),50.840569,0.164587,BRK,
Berwick-Upon-Tweed,55.774872,-2.01112,BWK,
Bescar Lane,53.623531,-2.914703,BES,
Bescot Stadium,52.562702,-1.991116,BSC,
Betchworth,51.247993,-0.26771,BTO,
Bethnal Green,51.524406,-0.059747,BET,
Betws-Y-Coed,53.092056,-3.80091,BYC,
Beverley,53.842281,-0.423855,BEV,
Bexhill,50.840679,0.475678,BEX,
Bexley,51.440742,0.148248,BXY,
Bexleyheath,51.463493,0.133471,BXH,
Bicester North,51.903401,-1.150517,BCS,
Bicester Village,51.893429,-1.148393,BIT,
Bickley,51.40033,0.044272,BKL,
Bidston,53.40913,-3.078589,BID,
Biggleswade,52.085068,-0.260294,BIW,
Bilbrook,52.623695,-2.186101,BBK,
Billericay,51.628834,0.418656,BIC,
Billingham,54.606327,-1.278525,BIL,
Billingshurst,51.014938,-0.450348,BIG,
Bingham,52.954536,-0.952044,BIN,
Bingley,53.84803,-1.837327,BIY,
Birchgrove,51.521687,-3.203502,BCG,
Birchington-On-Sea,51.377956,1.300781,BCH,
Birchwood,53.41193,-2.52802,BWD,
Birkbeck,51.403847,-0.056218,BIK,
Birkdale,53.633514,-3.014742,BDL,
Birkenhead Central,53.388244,-3.020897,BKC,
Birkenhead Hamilton Square,53.39469,-3.01365,BKQ,
Birkenhead North,53.404819,-3.057425,BKN,
Birkenhead Park,53.397417,-3.03927,BKP,
Birmingham International,52.450673,-1.725149,BHI,
Birmingham Moor Street,52.479053,-1.892483,BMO,
Birmingham New Street,52.478153,-1.898375,BHM,
Birmingham Snow Hill,52.483555,-1.899833,BSW,
Bishop Auckland,54.657482,-1.677545,BIA,
Bishopbriggs,55.903927,-4.224958,BBG,
Bishops Stortford,51.866692,0.16557,BIS,
Bishopstone (Sussex),50.78,0.0824,BIP,
Bishopton,55.902206,-4.501637,BPT,
Bitterne,50.918343,-1.378279,BTE,
Blackburn,53.746513,-2.479135,BBN,
Blackheath,51.465706,0.008317,BKH,
Blackhorse Road,51.586143,-0.04123,BHO,
Blackpool North,53.822772,-3.049908,BPN,
Blackpool Pleasure Beach,53.788154,-3.053856,BPB,
Blackpool South,53.798611,-3.049081,BPS,
Blackridge,55.88368,-3.75047,BKR,
Blackrod,53.591522,-2.56954,BLK,
Blackwater,51.33176,-0.777023,BAW,
Blaenau Ffestiniog,52.996284,-3.944449,BFF,
Blair Atholl,56.765614,-3.85025,BLA,
Blairhill,55.866653,-4.04221,BAI,
Blake Street,52.605054,-1.844888,BKT,
Blakedown,52.406147,-2.176365,BKD,
Blantyre,55.7976,-4.086466,BLT,
Blaydon,54.965813,-1.712578,BLO,
Bleasby,53.041649,-0.942469,BSB,
Bletchley,51.995339,-0.736368,BLY,
Bloxwich North,52.625637,-2.019173,BWN,
Bloxwich,52.61853,-2.011783,BLX,
Blundellsands & Crosby,53.487675,-3.039889,BLN,
Blythe Bridge,52.968124,-2.066966,BYB,
Bodmin Parkway,50.445822,-4.663026,BOD,
Bodorgan,53.204292,-4.418067,BOR,
Bognor Regis,50.786594,-0.676384,BOG,
Bogston,55.937267,-4.713676,BGS,
Bond Street,51.514,-0.15,BDS,
Bolton,53.573983,-2.425661,BON,
Bolton-On-Dearne,53.518986,-1.312217,BTD,
Bookham,51.288334,-0.385224,BKA,
Bootle (Cumbria),54.290249,-3.394818,BOC,
Bootle New Strand,53.453357,-2.994676,BNW,
Bootle Oriel Road,53.446559,-2.995791,BOT,
Bordesley,52.471844,-1.877771,BBS,
Borough Green & Wrotham,51.29295,0.306296,BRG,
Borth,52.491001,-4.050236,BRH,
Bosham,50.843262,-0.846655,BOH,
Boston,52.978802,-0.030949,BSN,
Botley,50.916748,-1.258809,BOE,
Bottesford,52.944962,-0.796012,BTF,
Bourne End,51.576538,-0.711287,BNE,
Bournemouth,50.727478,-1.863955,BMH,
Bournville,52.426937,-1.926434,BRV,
Bow Brickhill,52.003475,-0.696154,BWB,
Bow Street,52.439914,-4.03036,BOW,
Bowes Park,51.607216,-0.119761,BOP,
Bowling,55.931129,-4.493879,BWG,
Box Hill & Westhumble,51.253376,-0.329128,BXW,
Bracknell,51.413319,-0.751833,BCE,
Bradford Forster Square,53.79575,-1.752505,BDQ,
Bradford Interchange,53.791196,-1.749701,BDI,
Bradford-On-Avon,51.345058,-2.252669,BOA,
Brading,50.678509,-1.13801,BDN,
Braintree,51.874989,0.558261,BTR,
Braintree Freeport,51.869316,0.568258,BTP,
Bramhall,53.359959,-2.162249,BML,
Bramley (Hants),51.32988,-1.061265,BMY,
Bramley (West Yorkshire),53.803532,-1.630985,BLE,
Brampton (Cumbria),54.932655,-2.703814,BMP,
Brampton (Suffolk),52.395397,1.543871,BRP,
Branchton,55.940647,-4.803598,BCN,
Brandon,52.454479,0.624116,BND,
Branksome,50.727528,-1.919211,BSM,
Braystones,54.43956,-3.543406,BYS,
Bredbury,53.422939,-2.109823,BDY,
Breich,55.827351,-3.668147,BRC,
Brentford,51.487804,-0.309048,BFD,
Brent Cross West,51.5687,-0.2269,BCZ,
Brentwood,51.61322,0.30083,BRE,
Bricket Wood,51.705223,-0.358846,BWO,
Bridge of Allan,56.157429,-3.956166,BEA,
Bridge of Orchy,56.515926,-4.763048,BRO,
Bridgend,51.506481,-3.576296,BGN,
Bridgeton,55.849968,-4.226668,BDG,
Bridgwater,51.128025,-2.99031,BWT,
Bridlington,54.084545,-0.200659,BDT,
Brierfield,53.824535,-2.236959,BRF,
Brigg,53.549137,-0.486094,BGG,
Brighouse,53.698734,-1.781855,BGH,
Brighton,50.829659,-0.141234,BTN,
Brimsdown,51.655224,-0.031022,BMD,
Brinnington,53.431881,-2.134097,BNT,
Bristol Parkway,51.514061,-2.53461,BPW,
Bristol Temple Meads,51.449093,-2.581349,BRI,
Brithdir,51.710266,-3.228765,BHD,
Briton Ferry,51.637852,-3.8193,BNF,
Brixton,51.463245,-0.114164,BRX,
Broad Green,53.40654,-2.893267,BGE,
Broadbottom,53.440968,-2.01653,BDB,
Broadstairs,51.360653,1.43317,BSR,
Brockenhurst,50.816708,-1.574112,BCU,
Brockholes,53.597149,-1.770299,BHS,
Brockley,51.464684,-0.037797,BCY,
Brockley Whins,54.958672,-1.462749,BNR,
Bromborough Rake,53.329899,-2.989644,BMR,
Bromborough,53.322146,-2.987058,BOM,
Bromley Cross,53.613743,-2.409614,BMC,
Bromley North,51.408894,0.017325,BMN,
Bromley South,51.399887,0.018374,BMS,
Bromsgrove,52.322662,-2.048379,BMV,
Brondesbury Park,51.540896,-0.209955,BSP,
Brondesbury,51.545574,-0.203063,BSY,
Brookmans Park,51.720955,-0.204811,BPK,
Brookwood,51.303215,-0.635753,BKO,
Broome,52.422745,-2.88524,BME,
Broomfleet,53.740131,-0.673328,BMF,
Brora,58.012657,-3.853251,BRA,
Brough,53.726452,-0.578255,BUH,
Broughty Ferry,56.467213,-2.873153,BYF,
Broxbourne,51.745712,-0.011157,BXB,
Bruce Grove,51.592918,-0.06982,BCV,
Brundall Gardens,52.623035,1.418896,BGA,
Brundall,52.619747,1.439316,BDA,
Brunstane,55.94143,-3.10064,BSU,
Brunswick,53.382153,-2.975665,BRW,
Bruton,51.111584,-2.447103,BRU,
Bryn,53.499893,-2.647233,BYN,
Buckenham,52.59816,1.47013,BUC,
Buckley,53.163021,-3.055948,BCK,
Bucknell,52.357525,-2.948551,BUK,
Buckshaw Parkway,53.67283,-2.66447,BSV,
Bugle,50.399979,-4.791736,BGL,
Builth Road,52.169289,-3.427068,BHR,
Bulwell,52.999625,-1.196115,BLW,
Bures,51.97094,0.769021,BUE,
Burgess Hill,50.953552,-0.127749,BUG,
Burley Park,53.808743,-1.576277,BUY,
Burley-In-Wharfedale,53.908112,-1.753363,BUW,
Burnage,53.421205,-2.215896,BNA,
Burneside,54.355305,-2.766231,BUD,
Burnham,51.523538,-0.647335,BNM,
Burnham-On-Crouch,51.633526,0.813459,BUU,
Burnley Barracks,53.791237,-2.258014,BUB,
Burnley Central,53.793776,-2.244644,BNC,
Burnley Manchester Road,53.784962,-2.248883,BYM,
Burnside,55.817123,-4.204029,BUI,
Burntisland,56.057133,-3.233214,BTS,
Burscough Bridge,53.60519,-2.841758,BCB,
Burscough Junction,53.598011,-2.840105,BCJ,
Bursledon,50.882858,-1.304835,BUO,
Burton Joyce,52.984047,-1.040698,BUJ,
Burton-On-Trent,52.805798,-1.64246,BUT,
Bury St Edmunds,52.253727,0.713355,BSE,
Busby,55.780109,-4.262551,BUS,
Bush Hill Park,51.642365,-0.06916,BHK,
Bushey,51.644669,-0.384806,BSH,
Butlers Lane,52.592376,-1.838163,BUL,
Buxted,50.990475,0.131651,BXD,
Buxton,53.26058,-1.913086,BUX,
Byfleet & New Haw,51.349869,-0.480714,BFN,
Bynea,51.67276,-4.098396,BYE,
Cadoxton,51.412422,-3.248087,CAD,
Caergwrle,53.107922,-3.033069,CGW,
Caerphilly,51.571903,-3.217805,CPH,
Caersws,52.516262,-3.43387,CWS,
Caldercruix,55.88791,-3.88978,CAC,
Caldicot,51.58474,-2.760598,CDT,
Caledonian Road & Barnsbury,51.543301,-0.115177,CIR,
Calstock,50.497487,-4.208665,CSK,
Cam & Dursley,51.71701,-2.366194,CDU,
Camberley,51.335911,-0.745328,CAM,
Camborne,50.210392,-5.297921,CBN,
Cambridge,52.194519,0.137584,CBG,
Cambridge Heath,51.53157,-0.057997,CBH,
Cambridge North,52.223333,0.157778,CMB,
Cambuslang,55.819458,-4.173839,CBL,
Camden Road,51.541889,-0.139764,CMD,
Camelon,56.006775,-3.817015,CMO,
Cameron Bridge,56.189693,-3.046855,CBX,
Canada Water,51.49823,-0.05076,ZCW,
Canary Wharf,51.5061,-0.01578,CWX,
Canley,52.399418,-1.547232,CNL,
Cannock,52.686768,-2.022158,CAO,
Canonbury,51.548747,-0.091614,CNN,
Canterbury East,51.275261,1.075434,CBE,
Canterbury West,51.284279,1.074608,CBW,
Cantley,52.578907,1.512899,CNY,
Capenhurst,53.260155,-2.942908,CPU,
Carbis Bay,50.19746,-5.463815,CBB,
Cardenden,56.141308,-3.261651,CDD,
Cardiff Bay,51.466324,-3.166049,CDB,
Cardiff Central,51.475193,-3.177794,CDF,
Cardiff International Airport,51.396667,-3.343333,XCF,CWL
Cardiff Queen Street,51.482464,-3.170782,CDQ,
Cardonald,55.853252,-4.340297,CDO,
Cardross,55.960163,-4.652782,CDR,
Carfin,55.806938,-3.956112,CRF,
Cark,54.177513,-2.972746,CAK,
Carlisle,54.890675,-2.933833,CAR,
Carlton,52.964573,-1.078357,CTO,
Carluke,55.730408,-3.848761,CLU,
Carmarthen,51.853233,-4.305732,CMN,
Carmyle,55.834053,-4.161873,CML,
Carnforth,54.129688,-2.771244,CNF,
Carnoustie,56.500618,-2.7066,CAN,
Carntyne,55.854412,-4.17898,CAY,
Carpenders Park,51.627885,-0.385578,CPK,
Carrbridge,57.279873,-3.829541,CAG,
Carshalton,51.367859,-0.16693,CSH,
Carshalton Beeches,51.357117,-0.17023,CSB,
Carstairs,55.69075,-3.668696,CRS,
Cartsdyke,55.942261,-4.731633,CDY,
Castle Bar Park,51.522865,-0.331575,CBP,
Castle Cary,51.099583,-2.522683,CLC,
Castleford,53.724171,-1.355852,CFD,
Castleton,53.591804,-2.178125,CAS,
Castleton Moor,54.467297,-0.947707,CSM,
Caterham,51.282803,-0.078539,CAT,
Catford Bridge,51.444725,-0.027142,CFB,
Catford,51.444706,-0.025701,CTF,
Cathays,51.488678,-3.178149,CYS,
Cathcart,55.817879,-4.261552,CCT,
Cattal,53.997515,-1.319808,CTL,
Causeland,50.405525,-4.466937,CAU,
Cefn-Y-Bedd,53.098511,-3.031972,CYB,
Chadwell Heath,51.567905,0.128263,CTH,
Chafford Hundred,51.502792,0.290938,CFH,
Chalfont & Latimer,51.66835,-0.560646,CFO,
Chalkwell,51.53883,0.6706,CHW,
Chandlers Ford,50.983,-1.3845,CFR,
Chapel-En-Le-Frith,53.312405,-1.918915,CEF,
Chapeltown,53.464046,-1.466743,CLN,
Chapleton,51.01577,-4.024398,CPN,
Chappel & Wakes Colne,51.925312,0.758944,CWC,
Charing,51.208649,0.790337,CHG,
Charing Cross (Glasgow),55.865345,-4.270689,CHC,
Charlbury,51.872929,-1.490133,CBY,
Charlton,51.486904,0.030852,CTN,
Chartham,51.256958,1.018303,CRT,
Chassen Road,53.44605,-2.368171,CSR,
Chatelherault,55.76521,-4.00466,CTE,
Chatham,51.381161,0.520559,CTM,
Chathill,55.536404,-1.706846,CHT,
Cheadle Hulme,53.375956,-2.188125,CHU,
Cheam,51.35601,-0.2148,CHE,
Cheddington,51.857908,-0.662168,CED,
Chelford,53.270744,-2.280375,CEL,
Chelmsford,51.736595,0.469316,CHM,
Chelsfield,51.35603,0.108373,CLD,
Cheltenham Spa,51.896465,-2.100245,CNM,
Chepstow,51.640137,-2.67193,CPW,
Cherry Tree,53.732868,-2.518401,CYT,
Chertsey,51.387108,-0.509667,CHY,
Cheshunt,51.702747,-0.023171,CHN,
Chessington North,51.364483,-0.300661,CSN,
Chessington South,51.356491,-0.308144,CSS,
Chester,53.196815,-2.880152,CTR,
Chester Road,52.535575,-1.832582,CRD,
Chesterfield,53.238209,-1.42011,CHD,
Chester-Le-Street,54.854885,-1.577847,CLS,
Chestfield & Swalecliffe,51.360004,1.068182,CSW,
Chetnole,50.866428,-2.574072,CNO,
Chichester,50.831821,-0.783032,CCH,
Chilham,51.244549,0.975937,CIL,
Chilworth,51.21553,-0.523795,CHL,
Chingford,51.63385,0.009955,CHI,
Chinley,53.340275,-1.9444,CLY,
Chippenham,51.462162,-2.115123,CPM,
Chipstead,51.309444,-0.169259,CHP,
Chirk,52.932793,-3.066708,CRK,
Chislehurst,51.405506,0.057437,CIT,
Chiswick,51.4809,-0.267538,CHK,
Cholsey,51.570135,-1.157942,CHO,
Chorley,53.652428,-2.626693,CRL,
Chorleywood,51.654188,-0.51846,CLW,
Christchurch,50.738148,-1.784566,CHR,
Christs Hospital,51.050629,-0.363538,CHH,
Church & Oswaldtwistle,53.750431,-2.391216,CTW,
Church Fenton,53.827671,-1.226652,CHF,
Church Stretton,52.536606,-2.803485,CTT,
Cilmeri,52.150936,-3.45719,CIM,
City Thameslink,51.514336,-0.103412,CTK,
Clacton-On-Sea,51.793953,1.154134,CLT,
Clandon,51.263832,-0.503622,CLA,
Clapham (North Yorkshire),54.105392,-2.409858,CPY,
Clapham High Street,51.46534,-0.1328,CLP,
Clapham Junction,51.464134,-0.170281,CLJ,
Clapton,51.56213,-0.056685,CPT,
Clarbeston Road,51.852207,-4.88221,CLR,
Clarkston,55.789753,-4.275865,CKS,
Claverdon,52.276424,-1.696566,CLV,
Claygate,51.360664,-0.348207,CLG,
Cleethorpes,53.56316,-0.029584,CLE,
Cleland,55.804073,-3.909695,CEA,
Clifton,53.522503,-2.314811,CLI,
Clifton Down,51.46423,-2.611761,CFN,
Clitheroe,53.87345,-2.394365,CLH,
Clock House,51.408096,-0.041668,CLK,
Clunderwen,51.8405,-4.731915,CUW,
Clydebank,55.900562,-4.403927,CYK,
Coatbridge Central,55.863213,-4.032443,CBC,
Coatbridge Sunnyside,55.866886,-4.027847,CBS,
Coatdyke,55.864567,-4.005343,COA,
Cobham & Stoke Dabernon,51.318077,-0.389917,CSD,
Codsall,52.627262,-2.200891,CSL,
Cogan,51.445396,-3.189974,CGN,
Colchester,51.900478,0.894085,COL,
Colchester Town,51.886505,0.904055,CET,
Coleshill Parkway,52.5164,-1.7081,CEH,
Collingham,53.144047,-0.748588,CLM,
Collington,50.839272,0.457142,CLL,
Colne,53.85478,-2.181087,CNE,
Colwall,52.080284,-2.357489,CWL,
Colwyn Bay,53.296349,-3.725462,CWB,
Combe,51.832277,-1.392817,CME,
Commondale,54.481018,-0.97514,COM,
Congleton,53.157637,-2.192754,CNG,
Conisbrough,53.48885,-1.234333,CNS,
Connel Ferry,56.451981,-5.384973,CON,
Conon Bridge,57.5617,-4.4404,CBD,
Cononley,53.917351,-2.010631,CEY,
Conway Park,53.386219,-3.026886,CNP,
Conwy,53.280093,-3.83046,CNW,
Cooden Beach,50.83271,0.426969,COB,
Cookham,51.556873,-0.721948,COO,
Cooksbridge,50.903938,-0.010272,CBR,
Coombe,50.44479,-4.481655,COE,
Copplestone,50.814228,-3.751624,COP,
Corbridge,54.966152,-2.017141,CRB,
Corby,52.489196,-0.687944,COR,
Corfe Castle,50.6383,-2.0551,CFC,
Corkerhill,55.836494,-4.323322,CKH,
Corkickle,54.541657,-3.582155,CKL,
Corpach,56.842724,-5.121662,CPA,
Corrour,56.760181,-4.690966,CRR,
Coryton,51.520512,-3.230858,COY,
Coseley,52.545738,-2.086051,CSY,
Cosford,52.645031,-2.301479,COS,
Cosham,50.841644,-1.068259,CSA,
Cottingham,53.781826,-0.406402,CGM,
Cottingley,53.767437,-1.588832,COT,
Coulsdon South,51.315231,-0.13746,CDS,
Coulsdon Town,51.32243,-0.13429,CDN,
Coventry,52.400787,-1.513466,COV,
Coventry Arena,52.447032,-1.494559,CAA,
Cowden,51.155441,0.110653,CWN,
Cowdenbeath,56.111679,-3.344314,COW,
Cradley Heath,52.469177,-2.08976,CRA,
Craigendoran,55.99485,-4.711291,CGD,
Cramlington,55.088604,-1.598887,CRM,
Cranbrook (Devon),50.7501,-3.4206,CBK,
Craven Arms,52.441975,-2.837077,CRV,
Crawley,51.111874,-0.187083,CRW,
Crayford,51.448273,0.178826,CRY,
Crediton,50.783375,-3.646912,CDI,
Cressing,51.852028,0.580186,CES,
Cressington,53.3588,-2.91172,CSG,
Creswell,53.264008,-1.215865,CWD,
Crewe,53.089607,-2.432987,CRE,
Crewkerne,50.873337,-2.778815,CKN,
Crews Hill,51.684334,-0.106441,CWH,
Crianlarich,56.389652,-4.617778,CNR,
Criccieth,52.918312,-4.236972,CCC,
Cricklewood,51.559227,-0.214071,CRI,
Croftfoot,55.818455,-4.229643,CFF,
Crofton Park,51.454777,-0.03678,CFT,
Cromer,52.930595,1.292778,CMR,
Cromford,53.112915,-1.548788,CMF,
Crookston,55.84388,-4.36049,CKT,
Cross Gates,53.804638,-1.451798,CRG,
Crossflatts,53.858829,-1.844886,CFL,
Crosshill,55.833225,-4.257648,COI,
Crosskeys,51.621,-3.1261,CKY,
Crossmyloof,55.833626,-4.284813,CMY,
Croston,53.66756,-2.777717,CSO,
Crouch Hill,51.571205,-0.116907,CRH,
Crowborough,51.046085,0.188422,COH,
Crowhurst,50.888702,0.500984,CWU,
Crowle,53.589725,-0.817042,CWE,
Crowthorne,51.366356,-0.819194,CRN,
Croy,55.955734,-4.035697,CRO,
Crystal Palace,51.417603,-0.072899,CYP,
Cuddington,53.23991,-2.599329,CUD,
Cuffley,51.708675,-0.109761,CUF,
Culham,51.653773,-1.236445,CUM,
Culrain,57.919842,-4.405676,CUA,
Cumbernauld,55.941326,-3.982089,CUB,
Cupar,56.317043,-3.008772,CUP,
Curriehill,55.901703,-3.317849,CUH,
Custom House,51.509639,0.025894,CUS,
Cuxton,51.374298,0.462693,CUX,
Cwmbach,51.701885,-3.413774,CMH,
Cwmbran,51.656544,-3.016233,CWM,
Cynghordy,52.051689,-3.747095,CYN,
Dagenham Dock,51.526237,0.14505,DDK,
Dagenham East L.T.,51.532065,0.146965,ZDE,
Daisy Hill,53.539389,-2.516212,DSY,
Dalgety Bay,56.044178,-3.354809,DAG,
Dalmally,56.400272,-4.9832,DAL,
Dalmarnock,55.839371,-4.21647,DAK,
Dalmeny,55.986362,-3.381645,DAM,
Dalmuir,55.911793,-4.427038,DMR,
Dalreoch,55.947365,-4.578226,DLR,
Dalry,55.705395,-4.711899,DLY,
Dalston (Cumbria),54.846203,-2.988866,DLS,
Dalston Junction,51.546139,-0.07544,DLJ,
Dalston Kingsland,51.548035,-0.074594,DLK,
Dalton,54.15424,-3.179031,DLT,
Dalwhinnie,56.934334,-4.246498,DLW,
Danby,54.466068,-0.910704,DNY,
Danescourt,51.505199,-3.23332,DCT,
Danzey,52.324329,-1.819493,DZY,
Darlington,54.520462,-1.54732,DAR,
Darnall,53.381084,-1.410661,DAN,
Darsham,52.272812,1.522343,DSM,
Dartford,51.447548,0.217643,DFD,
Darton,53.58836,-1.531646,DRT,
Darwen,53.69804,-2.464958,DWN,
Datchet,51.483303,-0.579978,DAT,
Davenport,53.390719,-2.153234,DVN,
Dawlish,50.580692,-3.464583,DWL,
Dawlish Warren,50.599311,-3.443903,DWW,
Deal,51.223129,1.398559,DEA,
Dean,51.042629,-1.634802,DEN,
Deansgate,53.473961,-2.250061,DGT,
Deganwy,53.294739,-3.833424,DGY,
Deighton,53.669018,-1.751739,DHN,
Delamere,53.228767,-2.666577,DLM,
Denby Dale,53.572628,-1.663215,DBD,
Denham,51.578495,-0.497633,DNM,
Denham Golf Club,51.580544,-0.517774,DGC,
Denmark Hill,51.468243,-0.089475,DMK,
Dent,54.282597,-2.363987,DNT,
Denton,53.457087,-2.131648,DTN,
Deptford,51.478897,-0.02711,DEP,
Derby,52.916381,-1.462555,DBY,
Derby Road,52.04953,1.182332,DBR,
Dereham Market Place,52.684896,0.945983,DEB,
Devonport,50.378132,-4.171534,DPT,
Dewsbury,53.692089,-1.633487,DEW,
Didcot Parkway,51.611275,-1.242614,DID,
Digby & Sowton,50.716434,-3.474574,DIG,
Dilton Marsh,51.248928,-2.207723,DMH,
Dinas Powys,51.431614,-3.21839,DNS,
Dinas Rhondda,51.617073,-3.437123,DMG,
Dingle Road,51.440109,-3.179776,DGL,
Dingwall,57.594238,-4.422611,DIN,
Dinsdale,54.51474,-1.467051,DND,
Dinting,53.449382,-1.970276,DTG,
Disley,53.358146,-2.042465,DSL,
Diss,52.373096,1.123274,DIS,
Dockyard,50.382553,-4.175957,DOC,
Dodworth,53.545216,-1.530617,DOD,
Dolau,52.295223,-3.263955,DOL,
Doleham,50.918686,0.610732,DLH,
Dolgarrog,53.186123,-3.822808,DLG,
Dolwyddelan,53.052105,-3.884288,DWD,
Doncaster,53.521469,-1.140225,DON,
Dorchester South,50.708752,-2.437593,DCH,
Dorchester West,50.710526,-2.443274,DCW,
Dore & Totley,53.327625,-1.514997,DOR,
Dorking Deepdene,51.238918,-0.323921,DPD,
Dorking,51.241615,-0.323822,DKG,
Dorking West,51.236443,-0.339762,DKT,
Dormans,51.15567,-0.005183,DMS,
Dorridge,52.371861,-1.753209,DDG,
Dove Holes,53.300005,-1.890678,DVH,
Dover Priory,51.125988,1.304227,DVP,
Dovercourt,51.938892,1.280724,DVC,
Dovey Junction,52.564133,-3.925273,DVY,
Downham Market,52.60471,0.365751,DOW,
Drayton Green,51.516326,-0.330089,DRG,
Drayton Manor,52.61095,-1.71345,DRY,
Drayton Park,51.552124,-0.104723,DYP,
Drem,56.005981,-2.785752,DRM,
Driffield,54.001526,-0.434627,DRF,
Drigg,54.376968,-3.444066,DRI,
Droitwich Spa,52.26862,-2.158239,DTW,
Dronfield,53.301357,-1.468768,DRO,
Drumchapel,55.904926,-4.364204,DMC,
Drumfrochar,55.941292,-4.774822,DFR,
Drumgelloch,55.867233,-3.95114,DRU,
Drumry,55.904495,-4.386583,DMY,
Duddeston,52.488018,-1.871842,DUD,
Dudley Port,52.524517,-2.049401,DDP,
Duffield,52.987713,-1.486035,DFI,
Duirinish,57.319847,-5.692103,DRN,
Duke Street,55.859207,-4.212814,DST,
Dullingham,52.200943,0.366197,DUL,
Dumbarton Central,55.946705,-4.56697,DBC,
Dumbarton East,55.942478,-4.55387,DBE,
Dumbreck,55.841255,-4.309216,DUM,
Dumfries,55.072395,-3.605261,DMF,
Dumpton Park,51.345566,1.426291,DMP,
Dunbar,55.998428,-2.514625,DUN,
Dunblane,56.186001,-3.967296,DBL,
Duncraig,57.336727,-5.637282,DCG,
Dundee,56.456669,-2.970576,DEE,
Dunfermline Queen Margaret,56.080706,-3.42164,DFL,
Dunfermline City,56.068233,-3.452033,DFE,
Dunkeld & Birnam,56.557301,-3.578097,DKD,
Dunlop,55.711926,-4.532435,DNL,
Dunoon,55.94681,-4.92252,DUO,
Dunrobin Castle,57.986111,-3.946595,DNO,
Duns,55.778865,-2.342808,DUU,
Dunston,54.952164,-1.648648,DOT,
Dunton Green,51.296425,0.171616,DNG,
Durham,54.779408,-1.581746,DHM,
Durrington-On-Sea,50.817463,-0.411463,DUR,
Dyce,57.205002,-2.191978,DYC,
Dyffryn Ardudwy,52.78857,-4.104242,DYF,
Eaglescliffe,54.529449,-1.349426,EAG,
Ealing Broadway,51.51466,-0.300843,EAL,
Ealing Common,51.51,-0.28805,ZEC,
Earlestown,53.451139,-2.637674,ERL,
Earley,51.441051,-0.917989,EAR,
Earl's Court L.T.,51.49138,-0.1936,ZET,
Earlsfield,51.441929,-0.188423,EAD,
Earlston,55.639072,-2.68,EAS,
Earlswood (Surrey),51.227631,-0.171078,ELD,
Earlswood (West Midlands),52.366638,-1.861907,EWD,
East Boldon,54.9468,-1.420767,EBL,
East Cowes,50.75873,-1.29107,ECW,
East Croydon,51.375679,-0.093335,ECR,
East Didsbury,53.410206,-2.22111,EDY,
East Dulwich,51.460911,-0.081151,EDW,
East Farleigh,51.255112,0.48498,EFL,
East Garforth,53.791622,-1.363933,EGF,
East Grinstead,51.126213,-0.017887,EGR,
East Kilbride,55.765388,-4.18199,EKL,
East Linton,55.9856,-2.6579,ELT,
East Malling,51.285748,0.439308,EML,
East Midlands Parkway,52.862,-1.263,EMD,
East Tilbury,51.485065,0.412479,ETL,
East Worthing,50.822071,-0.354517,EWR,
Eastbourne,50.769085,0.281847,EBN,
Eastbrook,51.437126,-3.207031,EBK,
Easterhouse,55.860157,-4.107389,EST,
Eastham Rake,53.307532,-2.9812,ERA,
Eastleigh,50.968559,-1.350563,ESL,
Eastrington,53.75481,-0.786612,EGN,
Ebbsfleet International,51.443009,0.320887,EBD,
Ebbw Vale Parkway,51.7573,-3.1965,EBV,
Ebbw Vale Town,51.782007,-3.205996,EBB,
Eccles,53.485443,-2.333014,ECC,
Eccles Road,52.470585,0.969656,ECS,
Eccleston Park,53.430665,-2.780555,ECL,
Edale,53.36477,-1.817395,EDL,
Eden Park,51.390762,-0.026587,EDN,
Edenbridge,51.208508,0.060099,EBR,
Edenbridge Town,51.200287,0.06689,EBT,
Edge Hill,53.402663,-2.946986,EDG,
Edinburgh Gateway,55.941,-3.32,EGY,
Edinburgh Park,55.927615,-3.307829,EDP,
Edinburgh Waverley,55.952442,-3.188236,EDB,
Edmonton Green,51.623802,-0.059665,EDR,
Effingham Junction,51.291504,-0.419536,EFF,
Eggesford,50.887848,-3.875235,EGG,
Egham,51.428925,-0.545701,EGH,
Egton,54.437679,-0.761896,EGT,
Elephant & Castle,51.494469,-0.098462,EPH,
Elgin,57.64299,-3.31163,ELG,
Ellesmere Port,53.282097,-2.895403,ELP,
Elmers End,51.398335,-0.049263,ELE,
Elmstead Woods,51.417435,0.043594,ESD,
Elmswell,52.238201,0.911625,ESW,
Elsecar,53.498924,-1.428617,ELR,
Elsenham,51.92038,0.22779,ESM,
Elstree & Borehamwood,51.652836,-0.279779,ELS,
Eltham,51.455101,0.0496,ELW,
Elton & Orston,52.951843,-0.855362,ELO,
Ely,52.390846,0.266105,ELY,
Emerson Park,51.56889,0.220658,EMP,
Emsworth,50.851326,-0.938784,EMS,
Energlyn & Churchill Park,51.5838,-3.2287,ECP,
Enfield Chase,51.652607,-0.090404,ENC,
Enfield Lock,51.671379,-0.028875,ENL,
Enfield Town,51.651524,-0.078891,ENF,
Entwistle,53.655591,-2.413983,ENT,
Epsom Downs,51.321365,-0.243411,EPD,
Epsom,51.334339,-0.268756,EPS,
Erdington,52.528435,-1.839297,ERD,
Eridge,51.089024,0.200452,ERI,
Erith,51.481621,0.174651,ERH,
Esher,51.379642,-0.354714,ESH,
Eskbank,55.88956,-3.07845,EKB,
Essex Road,51.540302,-0.096552,EXR,
Etchingham,51.010479,0.441935,ETC,
Euxton Balshaw Lane,53.670071,-2.675045,EBA,
Evesham,52.098793,-1.947413,EVE,
Ewell East,51.345612,-0.24106,EWE,
Ewell West,51.349445,-0.256711,EWW,
Exeter Central,50.726471,-3.532973,EXC,
Exeter St Davids,50.729019,-3.544387,EXD,
Exeter St Thomas,50.716529,-3.538759,EXT,
Exhibition Centre,55.860619,-4.283207,EXG,
Exmouth,50.620937,-3.415035,EXM,
Exton,50.668255,-3.443337,EXN,
Eynsford,51.362377,0.203465,EYN,
Fairbourne,52.696018,-4.049464,FRB,
Fairfield,53.471215,-2.14581,FRF,
Fairlie,55.752514,-4.853834,FRL,
Fairwater,51.491714,-3.232963,FRW,
Falconwood,51.459087,0.078571,FCN,
Falkirk Grahamston,56.002735,-3.786359,FKG,
Falkirk High,55.991863,-3.792276,FKK,
Falls of Cruachan,56.386242,-5.114992,FOC,
Falmer,50.862064,-0.087364,FMR,
Falmouth Docks,50.15075,-5.0559,FAL,
Falmouth Town,50.148392,-5.065443,FMT,
Fareham,50.853352,-1.19162,FRM,
Farnborough Main,51.296471,-0.756436,FNB,
Farnborough North,51.301723,-0.743385,FNN,
Farncombe,51.197639,-0.604522,FNC,
Farnham,51.211422,-0.793093,FNH,
Farningham Road,51.401337,0.235533,FNR,
Farnworth,53.549999,-2.387857,FNW,
Farringdon,51.520071,-0.104665,ZFD,
Fauldhouse,55.822163,-3.719006,FLD,
Faversham,51.311436,0.891278,FAV,
Faygate,51.095943,-0.263403,FGT,
Fazakerley,53.469063,-2.936729,FAZ,
Fearn,57.777828,-3.994245,FRN,
Featherstone,53.679253,-1.359562,FEA,
Felixstowe,51.967449,1.352707,FLX,
Fellgate,54.957,-1.4878,FEG,
Feltham,51.447845,-0.40983,FEL,
Feniton,50.787022,-3.285259,FNT,
Fenny Stratford,52.000103,-0.716636,FEN,
Fernhill,51.685932,-3.394469,FER,
Ferriby,53.716625,-0.508878,FRY,
Ferryside,51.76833,-4.36952,FYS,
Ffairfach,51.87244,-3.992916,FFA,
Filey,54.209946,-0.293351,FIL,
Filton Abbey Wood,51.509438,-2.561933,FIT,
Finchley Road & Frognal,51.550198,-0.183324,FNY,
Finsbury Park,51.564724,-0.105642,FPK,
Finstock,51.85305,-1.47003,FIN,
Fishbourne,50.839352,-0.815495,FSB,
Fishersgate,50.834469,-0.219161,FSG,
Fishguard & Goodwick,52.0035,-4.9948,FGW,
Fishguard Harbour,52.011505,-4.985713,FGH,
Fiskerton,53.060253,-0.912181,FSK,
Fitzwilliam,53.632587,-1.375391,FZW,
Five Ways,52.470078,-1.913116,FWY,
Fleet,51.290947,-0.831169,FLE,
Flimby,54.689815,-3.520544,FLM,
Flint,53.249516,-3.13302,FLN,
Flitwick,52.003457,-0.4952,FLT,
Flixton,53.443746,-2.383878,FLI,
Flowery Field,53.461737,-2.080965,FLF,
Folkestone Central,51.082985,1.168331,FKC,
Folkestone West,51.085163,1.154209,FKW,
Ford,50.829506,-0.578611,FOD,
Forest Gate,51.549976,0.023568,FOG,
Forest Hill,51.438869,-0.053297,FOH,
Formby,53.553796,-3.070706,FBY,
Forres,57.609661,-3.62847,FOR,
Forsinard,58.356998,-3.896903,FRS,
Fort Matilda,55.958809,-4.7953,FTM,
Fort William,56.820625,-5.106721,FTW,
Four Oaks,52.579662,-1.8273,FOK,
Foxfield,54.259041,-3.215796,FOX,
Foxton,52.119526,0.056572,FXN,
Frant,51.104321,0.294034,FRT,
Fratton,50.795818,-1.073422,FTN,
Freshfield,53.566494,-3.072014,FRE,
Freshford,51.342251,-2.30146,FFD,
Frimley,51.311653,-0.747426,FML,
Frinton-On-Sea,51.838314,1.242907,FRI,
Frizinghall,53.820957,-1.769072,FZH,
Frodsham,53.295853,-2.723145,FRD,
Frome,51.227131,-2.309302,FRO,
Fulwell,51.433525,-0.349893,FLW,
Furness Vale,53.348385,-1.989445,FNV,
Furze Platt,51.533082,-0.728467,FZP,
Gainsborough Central,53.399574,-0.769674,GNB,
Gainsborough Lea Road,53.386078,-0.768558,GBL,
Galashiels,55.610426,-2.809693,GAL,
Garelochhead,56.079449,-4.826544,GCH,
Garforth,53.796211,-1.382083,GRF,
Gargrave,53.97842,-2.105171,GGV,
Garrowhill,55.855286,-4.129497,GAR,
Garscadden,55.88784,-4.364757,GRS,
Garsdale,54.32135,-2.325891,GSD,
Garston,51.686685,-0.381689,GSN,
Garswood,53.488518,-2.672149,GSW,
Gartcosh,55.885,-4.078,GRH,
Garth (Powys),52.133816,-3.531142,GTH,
Garth (Mid Glamorgan),51.596413,-3.641504,GMG,
Garve,57.613129,-4.688429,GVE,
Gathurst,53.559399,-2.694418,GST,
Gatley,53.394001,-2.230052,GTY,
Gatwick Airport,51.156425,-0.161022,GTW,LGW
Georgemas Junction,58.513721,-3.45212,GGJ,
Gerrards Cross,51.588883,-0.555367,GER,
Gidea Park,51.581772,0.205411,GDP,
Giffnock,55.804688,-4.294289,GFN,
Giggleswick,54.061775,-2.302644,GIG,
Gilberdyke,53.747955,-0.732223,GBD,
Gilfach Fargoed,51.684208,-3.226604,GFF,
Gillingham (Dorset),51.033886,-2.272361,GIL,
Gillingham (Kent),51.386829,0.549618,GLM,
Gilshochill,55.897295,-4.28201,GSC,
Gipsy Hill,51.424984,-0.084096,GIP,
Girvan,55.246517,-4.848927,GIR,
Glaisdale,54.439796,-0.794221,GLS,
Glan Conwy,53.266644,-3.796892,GCW,
Glasgow Central,55.860157,-4.259208,GLC,
Glasgow Queen Street,55.863003,-4.251385,GLQ,
Glasshoughton,53.70884,-1.34247,GLH,
Glazebrook,53.428076,-2.461152,GLZ,
Gleneagles,56.274902,-3.7312,GLE,
Glenfinnan,56.872753,-5.449219,GLF,
Glengarnock,55.738579,-4.674364,GLG,
Glenrothes with Thornton,56.162224,-3.143189,GLT,
Glossop,53.444503,-1.949403,GLO,
Gloucester,51.864799,-2.238141,GCR,
Glynde,50.859398,0.06883,GLY,
Gobowen,52.893501,-3.036019,GOB,
Godalming,51.186115,-0.619175,GOD,
Godley,53.448151,-2.049649,GDL,
Godstone,51.217606,-0.051188,GDN,
Goldthorpe,53.533379,-1.313488,GOE,
Golf Street,56.497852,-2.719541,GOF,
Golspie,57.971092,-3.98806,GOL,
Gomshall,51.218964,-0.442065,GOM,
Goodmayes,51.565502,0.112277,GMY,
Goole,53.704426,-0.872907,GOO,
Goostrey,53.222634,-2.32628,GTR,
Gordon Hill,51.66346,-0.094289,GDH,
Gorebridge,55.836732,-3.046099,GBG,
Goring & Streatley,51.521428,-1.133051,GOR,
Goring-By-Sea,50.817753,-0.432751,GBS,
Gorton,53.468712,-2.167182,GTO,
Gospel Oak,51.555546,-0.150737,GPO,
Gourock,55.962788,-4.818021,GRK,
Gourock Pier,55.9628,-4.81475,GXX,
Gowerton,51.648701,-4.035124,GWN,
Goxhill,53.676613,-0.337699,GOX,
Grange Park,51.642811,-0.096599,GPK,
Grange-Over-Sands,54.195282,-2.902752,GOS,
Grangetown,51.466984,-3.189097,GTN,
Grantham,52.906448,-0.642438,GRA,
Grateley,51.170269,-1.619497,GRT,
Gravelly Hill,52.514969,-1.852612,GVH,
Gravesend,51.441029,0.36699,GRV,
Grays,51.476089,0.322719,GRY,
Great Ayton,54.4902,-1.113845,GTA,
Great Bentley,51.85207,1.065258,GRB,
Great Chesterford,52.060402,0.1939,GRC,
Great Coates,53.575542,-0.128701,GCT,
Great Malvern,52.109165,-2.318289,GMV,
Great Missenden,51.703304,-0.709132,GMN,
Great Yarmouth,52.612122,1.720949,GYM,
Green Lane,53.38271,-3.016281,GNL,
Green Road,54.244748,-3.245602,GNR,
Greenbank,53.251664,-2.533185,GBK,
Greenfaulds,55.932064,-3.999232,GRL,
Greenfield,53.538835,-2.014189,GNF,
Greenford,51.54235,-0.3463,GFD,
Greenhithe for Bluewater,51.450855,0.279694,GNH,
Greenock Central,55.945385,-4.752692,GKC,
Greenock West,55.94772,-4.768866,GKW,
Greenwich,51.477779,-0.014198,GNW,
Gretna Green,55.001934,-3.064608,GEA,
Grimsby Docks,53.574699,-0.075873,GMD,
Grimsby Town,53.564091,-0.086922,GMB,
Grindleford,53.30555,-1.62629,GRN,
Grosmont,54.436394,-0.724937,GMT,
Grove Park,51.430389,0.022597,GRP,
Guide Bridge,53.474171,-2.112961,GUI,
Guildford,51.236912,-0.580409,GLD,
Guiseley,53.875668,-1.715537,GSY,
Gunnersbury,51.491814,-0.275766,GUN,
Gunnislake,50.515992,-4.219437,GSL,
Gunton,52.866077,1.348821,GNT,
Gwersyllt,53.072559,-3.017913,GWE,
Gypsy Lane,54.532902,-1.179375,GYP,
Habrough,53.605507,-0.267936,HAB,
Hackbridge,51.378437,-0.15358,HCB,
Hackney Central,51.546825,-0.055896,HKC,
Hackney Downs,51.548695,-0.060144,HAC,
Hackney Wick,51.543625,-0.025759,HKW,
Haddenham & Thame Parkway,51.770788,-0.942121,HDM,
Haddiscoe,52.528835,1.622451,HAD,
Hadfield,53.460873,-1.965429,HDF,
Hadley Wood,51.668365,-0.176519,HDW,
Hag Fold,53.533442,-2.493744,HGF,
Haggerston,51.53912,-0.07642,HGG,
Hagley,52.422375,-2.147018,HAG,
Hairmyres,55.762012,-4.220047,HMY,
Hale,53.378669,-2.347383,HAL,
Halesworth,52.346157,1.506141,HAS,
Halewood,53.364466,-2.830149,HED,
Halifax,53.720417,-1.854486,HFX,
Hall Green,52.436745,-1.845513,HLG,
Hall i' th' Wood,53.597546,-2.413986,HID,
Hall Road,53.497442,-3.049607,HLR,
Halling,51.352169,0.445711,HAI,
Haltwhistle,54.967972,-2.462321,HWH,
Ham Street,51.067684,0.854653,HMT,
Hamble,50.871311,-1.329173,HME,
Hamilton Central,55.773239,-4.038928,HNC,
Hamilton West,55.779232,-4.056781,HNW,
Hammerton,53.996105,-1.283026,HMM,
Hampden Park,50.796124,0.278906,HMD,
Hampstead Heath,51.555779,-0.165159,HDH,
Hampton,51.41607,-0.37199,HMP,
Hampton Court,51.401947,-0.342412,HMC,
Hampton Wick,51.41412,-0.313201,HMW,
Hampton-In-Arden,52.428375,-1.699934,HIA,
Hamstead,52.530718,-1.92838,HSD,
Hamworthy,50.725754,-2.018381,HAM,
Hanborough,51.825172,-1.373471,HND,
Handforth,53.34639,-2.213263,HTH,
Hanwell,51.511604,-0.338432,HAN,
Hapton,53.781393,-2.318115,HPN,
Harlech,52.861309,-4.109248,HRL,
Harlesden,51.536518,-0.258214,HDN,
Harling Road,52.454128,0.908188,HRD,
Harlington,51.962012,-0.495715,HLN,
Harlow Mill,51.790878,0.131497,HWM,
Harlow Town,51.781639,0.094804,HWN,
Harold Wood,51.592907,0.234819,HRO,
Harpenden,51.814831,-0.351961,HPD,
Harrietsham,51.244652,0.673574,HRM,
Harringay Green Lanes,51.577336,-0.098104,HRY,
Harringay,51.577305,-0.105115,HGY,
Harrington,54.613551,-3.565573,HRR,
Harrogate,53.991959,-1.537814,HGT,
Harrow & Wealdstone,51.591576,-0.334067,HRW,
Harrow-on-the-Hill,51.57931,-0.336628,HOH,
Hartford,53.241721,-2.553978,HTF,
Hartlebury,52.335049,-2.22158,HBY,
Hartlepool,54.686771,-1.2073,HPL,
Hartwood,55.810532,-3.839792,HTW,
Harwich International,51.947701,1.255167,HPQ,
Harwich Town,51.944157,1.285469,HWC,
Haslemere,51.089237,-0.719162,HSL,
Hassocks,50.923264,-0.146043,HSK,
Hastings,50.858288,0.57608,HGS,
Hatch End,51.610054,-0.369499,HTE,
Hatfield,51.763397,-0.216162,HAT,
Hatfield & Stainforth,53.589532,-1.020931,HFS,
Hatfield Peverel,51.779785,0.593463,HAP,
Hathersage,53.325405,-1.651641,HSG,
Hattersley,53.445126,-2.040324,HTY,
Hatton,52.295242,-1.672982,HTN,
Havant,50.854416,-0.982763,HAV,
Havenhouse,53.114548,0.272619,HVN,
Haverfordwest,51.802601,-4.960279,HVF,
Hawarden Bridge,53.218971,-3.031866,HWB,
Hawarden,53.185703,-3.032561,HWD,
Hawick,55.425478,-2.7822,HWK,
Hawkhead,55.843136,-4.398792,HKH,
Haydon Bridge,54.974888,-2.246809,HDB,
Haydons Road,51.425755,-0.189073,HYR,
Hayes & Harlington,51.502973,-0.420785,HAY,
Hayes (Kent),51.375744,0.010123,HYS,
Hayle,50.186176,-5.419558,HYL,
Haymarket,55.945854,-3.218458,HYM,
Haywards Heath,51.00536,-0.105717,HHE,
Hazel Grove,53.377415,-2.122121,HAZ,
Headbolt Lane,53.492835,-2.878862,HBL,
Headcorn,51.165657,0.627507,HCN,
Headingley,53.817787,-1.59289,HDY,
Headstone Lane,51.60268,-0.356766,HDL,
Heald Green,53.369248,-2.236533,HDG,
Healing,53.581425,-0.160163,HLI,
Heath High Level,51.516518,-3.181737,HHL,
Heath Low Level,51.515606,-3.183163,HLL,
Heathrow Terminal 4 Rail,51.458214,-0.445447,HAF,LHR
Heathrow Terminal 5 Rail,51.47,-0.48,HWV,LHR
Heathrow Terminals 1-2-3 Rail,51.471,-0.456,HXX,LHR
Heaton Chapel,53.425556,-2.179046,HTC,
Hebden Bridge,53.737587,-2.009063,HBD,
Heckington,52.977463,-0.29316,HEC,
Hedge End,50.927773,-1.297056,HDE,
Hednesford,52.709922,-2.00199,HNF,
Heighington,54.596977,-1.582071,HEI,
Helensburgh Central,56.004261,-4.732803,HLC,
Helensburgh Upper,56.013268,-4.73184,HLU,
Hellifield,54.010972,-2.227961,HLD,
Helmsdale,58.117737,-3.660068,HMS,
Helsby,53.275784,-2.770786,HSB,
Hemel Hempstead,51.742062,-0.490762,HML,
Hendon,51.580057,-0.238652,HEN,
Hengoed,51.647362,-3.224162,HNG,
Henley-In-Arden,52.291,-1.784444,HNL,
Henley-On-Thames,51.534182,-0.900133,HOT,
Hensall,53.698357,-1.113905,HEL,
Hereford,52.060715,-2.708854,HFD,
Herne Bay,51.364059,1.118742,HNB,
Herne Hill,51.453148,-0.101624,HNH,
Hersham,51.377419,-0.389271,HER,
Hertford East,51.799793,-0.072591,HFE,
Hertford North,51.798328,-0.092961,HFN,
Hessle,53.717567,-0.442169,HES,
Heswall,53.32917,-3.073568,HSW,
Hever,51.180912,0.094648,HEV,
Heworth,54.951862,-1.554976,HEW,
Hexham,54.974201,-2.095266,HEX,
Heyford,51.91902,-1.299262,HYD,
Heysham Port,54.033284,-2.913179,HHB,
High Brooms,51.149609,0.277686,HIB,
High Street,55.858719,-4.239953,HST,
High Wycombe,51.629793,-0.745139,HWY,
Higham,51.426376,0.466931,HGM,
Highams Park,51.608837,0.000183,HIP,
Highbridge & Burnham,51.218098,-2.972192,HIG,
Highbury & Islington,51.54668,-0.10206,HHY,
Hightown,53.525272,-3.057407,HTO,
Hildenborough,51.214451,0.226465,HLB,
Hillfoot,55.920143,-4.32032,HLF,
Hillington East,55.854778,-4.354768,HLE,
Hillington West,55.85537,-4.370778,HLW,
Hillside,53.62217,-3.024673,HIL,
Hilsea,50.828075,-1.058592,HLS,
Hinchley Wood,51.374939,-0.340508,HYW,
Hinckley,52.534969,-1.371916,HNK,
Hindley,53.542053,-2.574909,HIN,
Hinton Admiral,50.752384,-1.713616,HNA,
Hitchin,51.952915,-0.262498,HIT,
Hither Green,51.452374,-0.000906,HGR,
Hockley,51.603825,0.659971,HOC,
Hollingbourne,51.265484,0.627465,HBN,
Holmes Chapel,53.199131,-2.351063,HCH,
Holmwood,51.180428,-0.321752,HLM,
Holton Heath,50.711346,-2.077863,HOL,
Holyhead,53.307674,-4.631062,HHD,
Holytown,55.812943,-3.973967,HLY,
Homerton,51.546535,-0.038601,HMN,
Honeybourne,52.101383,-1.834989,HYB,
Honiton,50.797062,-3.186207,HON,
Honley,53.608849,-1.780814,HOY,
Honor Oak Park,51.450428,-0.045607,HPA,
Hook,51.279587,-0.961933,HOK,
Hooton,53.296741,-2.976721,HOO,
Hope (Flintshire),53.117344,-3.03691,HPE,
Hope (Derbyshire),53.346283,-1.729587,HOP,
Hopton Heath,52.391964,-2.912536,HPT,
Horden,54.763879,-1.307347,HRE,
Horley,51.168137,-0.161994,HOR,
Hornbeam Park,53.980236,-1.527272,HBP,
Hornsey,51.586414,-0.111961,HRN,
Horsforth,53.847576,-1.630612,HRS,
Horsham,51.066174,-0.318753,HRH,
Horsley,51.279114,-0.434304,HSY,
Horton in Ribblesdale,54.149379,-2.302054,HIR,
Horwich Parkway,53.579948,-2.543712,HWI,
Hoscar,53.597366,-2.803828,HSC,
Hough Green,53.372378,-2.775056,HGN,
Hounslow,51.462471,-0.361808,HOU,
Hove,50.835514,-0.170824,HOV,
Hoveton & Wroxham,52.715084,1.408312,HXM,
How Wood,51.717697,-0.344594,HWW,
Howden,53.764526,-0.86068,HOW,
Howwood,55.811,-4.56,HOZ,
Hoxton,51.53193,-0.07672,HOX,
Hoylake,53.390202,-3.178861,HYK,
Hubberts Bridge,52.975594,-0.110044,HBB,
Hucknall,53.038265,-1.195793,HKN,
Huddersfield,53.648407,-1.785142,HUD,
Hull,53.744144,-0.345645,HUL,
Humphrey Park,53.452321,-2.327363,HUP,
Huncoat,53.772144,-2.345903,HCT,
Hungerford,51.415344,-1.511056,HGD,
Hunmanby,54.17429,-0.314737,HUB,
Huntingdon,52.328613,-0.192047,HUN,
Huntly,57.444401,-2.776354,HNT,
Hunts Cross,53.360644,-2.855716,HNX,
Hurst Green,51.244545,0.004397,HUR,
Hutton Cranswick,53.955669,-0.43331,HUT,
Huyton,53.409813,-2.842991,HUY,
Hyde Central,53.451682,-2.085149,HYC,
Hyde North,53.464306,-2.085829,HYT,
Hykeham,53.194546,-0.600412,HKM,
Hyndland,55.879803,-4.314715,HYN,
Hythe,51.885281,0.926539,HYH,
Ifield,51.115902,-0.215505,IFI,
Ilford,51.559078,0.068699,IFD,
Ilkeston,52.9794,-1.2949,ILN,
Ilkley,53.925304,-1.821799,ILK,
Imperial Wharf,51.475134,-0.183026,IMW,
Ince,53.538975,-2.611865,INC,
Ince & Elton,53.276736,-2.816234,INE,
Ingatestone,51.667301,0.384556,INT,
Insch,57.33749,-2.616279,INS,
Invergordon,57.688587,-4.175563,IGD,
Invergowrie,56.456795,-3.057897,ING,
Inverkeithing,56.034725,-3.39621,INK,
Inverkip,55.905781,-4.873089,INP,
Inverness,57.480194,-4.223199,INV,
Inverness Airport,57.5335,-4.0552,IVA,INV
Invershin,57.925362,-4.399288,INH,
Inverurie,57.286343,-2.373224,INR,
Ipswich,52.050552,1.144481,IPS,
Irlam,53.434172,-2.432989,IRL,
Irvine,55.610916,-4.675196,IRV,
Isleworth,51.474709,-0.33689,ISL,
Islip,51.82571,-1.238185,ISP,
Iver,51.508342,-0.506659,IVR,
Ivybridge,50.393515,-3.904954,IVY,
James Cook University Hospital,54.5515,-1.2076,JCH,
James Street,53.404748,-2.991993,LVJ,
Jewellery Quarter,52.489514,-1.913522,JEQ,
Johnston,51.756714,-4.996407,JOH,
Johnstone,55.834759,-4.50369,JHN,
Jordanhill,55.882282,-4.326053,JOR,
Kearsley,53.54419,-2.375032,KSL,
Kearsney,51.149399,1.271566,KSN,
Keighley,53.86787,-1.90112,KEI,
Keith,57.550976,-2.954062,KEH,
Kelvedon,51.841202,0.701529,KEL,
Kelvindale,55.8933,-4.3106,KVD,
Kemble,51.67622,-2.023115,KEM,
Kempston Hardwick,52.092026,-0.505266,KMH,
Kempton Park,51.421757,-0.40929,KMP,
Kemsing,51.297684,0.247716,KMS,
Kemsley,51.361996,0.733559,KML,
Kendal,54.332108,-2.739667,KEN,
Kenilworth,52.3429,-1.5726,KNW,
Kenley,51.324547,-0.101199,KLY,
Kennett,52.277523,0.490482,KNE,
Kennishead,55.813099,-4.325119,KNS,
Kensal Green,51.530602,-0.223847,KNL,
Kensal Rise,51.534157,-0.220811,KNR,
Kensington Olympia,51.497753,-0.210189,KPA,
Kent House,51.412659,-0.045786,KTH,
Kentish Town,51.550338,-0.140446,KTN,
Kentish Town West,51.546501,-0.146778,KTW,
Kenton,51.581436,-0.317123,KNT,
Kents Bank,54.172967,-2.925351,KBK,
Kettering,52.393177,-0.731724,KET,
Kew Bridge,51.489311,-0.288827,KWB,
Kew Gardens,51.477558,-0.284949,KWG,
Keyham,50.389687,-4.179095,KEY,
Keynsham,51.417122,-2.49465,KYN,
Kidbrooke,51.462662,0.028331,KDB,
Kidderminster,52.384457,-2.239458,KID,
Kidsgrove,53.086555,-2.244828,KDG,
Kidwelly,51.734299,-4.317046,KWL,
Kilburn High Road,51.537312,-0.19186,KBN,
Kildale,54.477268,-1.067829,KLD,
Kildonan,58.171432,-3.869993,KIL,
Kilgetty,51.732071,-4.715219,KGT,
Kilmarnock,55.612835,-4.499048,KMK,
Kilmaurs,55.636425,-4.532331,KLM,
Kilpatrick,55.924755,-4.453454,KPT,
Kilwinning,55.655994,-4.710071,KWN,
Kinbrace,58.258408,-3.941063,KBC,
Kingham,51.902222,-1.629331,KGM,
Kinghorn,56.069389,-3.174161,KGH,
Kings Langley,51.70631,-0.438411,KGL,
Kings Lynn,52.754108,0.403475,KLN,
Kings Norton,52.413456,-1.933801,KNN,
Kings Nympton,50.935921,-3.905634,KGN,
Kings Park,55.819935,-4.247294,KGP,
Kings Sutton,52.020184,-1.280066,KGS,
Kingsknowe,55.919323,-3.265634,KGE,
Kingston,51.412155,-0.301768,KNG,
Kingswood,51.294807,-0.211439,KND,
Kingussie,57.07785,-4.052227,KIN,
Kintbury,51.40247,-1.445059,KIT,
Kintore,57.243611,-2.350278,KTR,
Kirby Cross,51.840897,1.214045,KBX,
Kirk Sandall,53.56347,-1.075006,KKS,
Kirkby,53.486619,-2.902021,KIR,
Kirkby in Ashfield,53.099758,-1.253278,KKB,
Kirkby Stephen,54.455135,-2.368603,KSW,
Kirkby-In-Furness,54.232426,-3.187398,KBF,
Kirkcaldy,56.112579,-3.167445,KDY,
Kirkconnel,55.38834,-3.998533,KRK,
Kirkdale,53.440896,-2.981093,KKD,
Kirkham & Wesham,53.787373,-2.881834,KKM,
Kirkhill,55.814156,-4.168751,KKH,
Kirknewton,55.888744,-3.432526,KKN,
Kirkstall Forge,53.826,-1.62,KLF,
Kirkwood,55.85577,-4.048037,KWD,
Kirton Lindsey,53.484829,-0.593886,KTL,
Kiveton Bridge,53.340729,-1.265524,KIV,
Kiveton Park,53.336975,-1.240052,KVP,
Knaresborough,54.008755,-1.470482,KNA,
Knebworth,51.86636,-0.187406,KBW,
Knighton,52.345043,-3.042232,KNI,
Knockholt,51.34573,0.130865,KCK,
Knottingley,53.706528,-1.259172,KNO,
Knucklas,52.359833,-3.096907,KNU,
Knutsford,53.301956,-2.372101,KNF,
Kyle of Lochalsh,57.280567,-5.713067,KYL,
Ladybank,56.273834,-3.122284,LDY,
Ladywell,51.456291,-0.019445,LAD,
Laindon,51.567566,0.424063,LAI,
Lairg,58.001701,-4.401,LRG,
Lake,50.64814,-1.16686,LKE,
Lakenheath,52.447456,0.533911,LAK,
Lamphey,51.667145,-4.873332,LAM,
Lanark,55.673119,-3.772901,LNK,
Lancaster,54.048553,-2.807934,LAN,
Lancing,50.827015,-0.323103,LAC,
Landywood,52.657101,-2.020659,LAW,
Langbank,55.924725,-4.586326,LGB,
Langho,53.804934,-2.447934,LHO,
Langholm,55.006935,-2.99296,LHL,
Langley,51.508011,-0.541747,LNY,
Langley Green,52.494385,-2.005857,LGG,
Langley Mill,53.018236,-1.330982,LGM,
Langside,55.821175,-4.277696,LGS,
Langwathby,54.694744,-2.662457,LGW,
Langwith - Whaley Thorns,53.232885,-1.208882,LAG,
Lapford,50.857384,-3.811489,LAP,
Lapworth,52.341232,-1.72549,LPW,
Larbert,56.022751,-3.830604,LBT,
Largs,55.792637,-4.867942,LAR,
Larkhall,55.739258,-3.974445,LRH,
Laurencekirk,56.835945,-2.466345,LAU,
Lawrence Hill,51.458168,-2.564183,LWH,
Layton,53.835625,-3.030249,LAY,
Lazonby & Kirkoswald,54.750233,-2.702207,LZB,
Lea Bridge,51.5672,-0.00363,LEB,
Lea Green,53.42709,-2.72386,LEG,
Lea Hall,52.480709,-1.786457,LEH,
Leagrave,51.905304,-0.459139,LEA,
Lealholm,54.459885,-0.826027,LHM,
Leamington Spa,52.284893,-1.536723,LMS,
Leasowe,53.408035,-3.099624,LSW,
Leatherhead,51.298397,-0.333225,LHD,
Ledbury,52.044991,-2.425728,LED,
Lee,51.449432,0.013364,LEE,
Leeds,53.795158,-1.549089,LDS,
Leicester,52.631397,-1.125274,LEI,
Leigh (Kent),51.194057,0.211179,LIH,
Leigh-on-Sea,51.541309,0.640454,LES,
Leighton Buzzard,51.916046,-0.676874,LBZ,
Lelant Saltings,50.17923,-5.441468,LTS,
Lelant,50.183887,-5.436207,LEL,
Lenham,51.233986,0.707337,LEN,
Lenzie,55.921364,-4.153932,LNZ,
Leominster,52.225109,-2.730506,LEO,
Letchworth Garden City,51.980305,-0.229403,LET,
Leuchars,56.375427,-2.893734,LEU,
Leven,56.1923,-3.002,LEV,
Levenshulme,53.444405,-2.192676,LVM,
Lewes,50.870281,0.012455,LWS,
Lewisham,51.466099,-0.014703,LEW,
Leyland,53.69886,-2.687101,LEY,
Leyton Midland Road,51.569393,-0.007313,LEM,
Leytonstone High Road,51.563725,0.008304,LER,
Lichfield City,52.680347,-1.825431,LIC,
Lichfield Trent Valley,52.6869,-1.800014,LTV,
Lidlington,52.041385,-0.558972,LID,
Limehouse,51.51239,-0.040071,LHS,
Lincoln Central,53.227089,-0.540922,LCN,
Lingfield,51.176392,-0.007151,LFD,
Lingwood,52.621872,1.489735,LGD,
Linlithgow,55.975689,-3.596,LIN,
Liphook,51.071213,-0.801027,LIP,
Liskeard,50.446711,-4.46753,LSK,
Liss,51.044254,-0.893023,LIS,
Lisvane & Thornhill,51.544357,-3.185344,LVT,
Little Kimble,51.752014,-0.809152,LTK,
Little Sutton,53.285537,-2.943134,LTT,
Littleborough,53.642988,-2.094698,LTL,
Littlehampton,50.810226,-0.546547,LIT,
Littlehaven,51.079514,-0.308276,LVN,
Littleport,52.462696,0.316905,LTP,
Liverpool Central,53.40525,-2.977841,LVC,
Liverpool Lime Street,53.407299,-2.977746,LIV,
Liverpool South Parkway,53.3577,-2.8897,LPY,
Livingston North,55.901736,-3.543357,LSN,
Livingston South,55.871712,-3.503823,LVG,
Llanaber,52.741375,-4.078263,LLA,
Llanbedr,52.820835,-4.110252,LBR,
Llanbister Road,52.336231,-3.212283,LLT,
Llanbradach,51.60321,-3.233085,LNB,
Llandaf,51.507942,-3.229076,LLN,
Llandanwg,52.835865,-4.124342,LDN,
Llandecwyn,52.920666,-4.057092,LLC,
Llandeilo,51.885117,-3.987662,LLL,
Llandovery,51.99509,-3.803163,LLV,
Llandrindod,52.242687,-3.37963,LLO,
Llandudno,53.320911,-3.827043,LLD,
Llandudno Junction,53.283953,-3.809102,LLJ,
Llandybie,51.820099,-4.003658,LLI,
Llanelli,51.673405,-4.162068,LLE,
Llanfairfechan,53.257278,-3.983256,LLF,
Llanfairpwll,53.22094,-4.209263,LPG,
Llangadog,51.940639,-3.892638,LLG,
Llangammarch,52.113724,-3.55528,LLM,
Llangennech,51.691093,-4.078988,LLH,
Llangynllo,52.350227,-3.161273,LGO,
Llanharan,51.53759,-3.4408,LLR,
Llanhilleth,51.700339,-3.137033,LTH,
Llanishen,51.533592,-3.182181,LLS,
Llanrwst,53.14401,-3.802844,LWR,
Llansamlet,51.660973,-3.892526,LAS,
Llantwit Major,51.40623,-3.47503,LWM,
Llanwrda,51.962551,-3.871719,LNR,
Llanwrtyd,52.104584,-3.632354,LNW,
Llwyngwril,52.66658,-4.088024,LLW,
Llwynypia,51.633957,-3.453557,LLY,
Loch Awe,56.402481,-5.040117,LHA,
Loch Eil Outward Bound,56.855343,-5.191638,LHE,
Lochailort,56.881035,-5.663456,LCL,
Locheilside,56.855473,-5.290086,LCS,
Lochgelly,56.13538,-3.312958,LCG,
Lochluichart,57.621277,-4.809628,LCC,
Lochwinnoch,55.786549,-4.617038,LHW,
Lockerbie,55.123085,-3.353242,LOC,
Lockwood,53.635849,-1.800335,LCK,
London Blackfriars,51.510735,-0.103554,BFR,
London Bridge,51.505035,-0.085058,LBG,
London Cannon Street,51.510525,-0.090589,CST,
London Charing Cross,51.508362,-0.123835,CHX,
London Euston,51.528313,-0.134545,EUS,
London Fenchurch Street,51.511234,-0.079039,FST,
London Fields,51.541454,-0.057574,LOF,
London Kings Cross,51.530827,-0.122907,KGX,
London Liverpool Street,51.517551,-0.08021,LST,
London Marylebone,51.52248,-0.163605,MYB,
London Paddington,51.516014,-0.176049,PAD,
London Road (Brighton),50.836773,-0.136696,LRB,
London Road (Guildford),51.24067,-0.56506,LRD,
London St Pancras International,51.531921,-0.126361,STP,
London Victoria,51.4966,-0.1448,VIC,
London Waterloo,51.501865,-0.111126,WAT,
London Waterloo East,51.504513,-0.10814,WAE,
Long Buckby,52.293964,-1.086469,LBK,
Long Eaton,52.885105,-1.288114,LGE,
Long Preston,54.017115,-2.254533,LPR,
Longbeck,54.592896,-1.028041,LGK,
Longbridge,52.396385,-1.980861,LOB,
Longcross,51.384556,-0.594536,LNG,
Longfield,51.396496,0.299994,LGF,
Longniddry,55.976524,-2.889308,LND,
Longport,53.041656,-2.21623,LPT,
Longton,52.990013,-2.137216,LGN,
Looe,50.359234,-4.456029,LOO,
Lostock,53.572969,-2.494276,LOT,
Lostock Gralam,53.267677,-2.465197,LTG,
Lostock Hall,53.724316,-2.687069,LOH,
Lostwithiel,50.40744,-4.665497,LOS,
Loughborough,52.779327,-1.194952,LBO,
Loughborough Junction,51.46666,-0.102499,LGJ,
Low Moor,53.74924,-1.750517,LMR,
Lowdham,53.007072,-0.998465,LOW,
Lower Sydenham,51.425056,-0.033746,LSY,
Lowestoft,52.473618,1.749009,LWT,
Ludlow,52.370853,-2.715275,LUD,
Luton,51.882233,-0.414881,LUT,
Luton Airport Parkway,51.871159,-0.393485,LTN,LTN
Luxulyan,50.390244,-4.747551,LUX,
Lydney,51.714584,-2.531189,LYD,
Lye,52.459267,-2.116233,LYE,
Lymington Pier,50.758083,-1.529275,LYP,
Lymington Town,50.760818,-1.537753,LYT,
Lympstone Commando,50.661121,-3.438876,LYC,
Lympstone Village,50.648621,-3.431419,LYM,
Lytham,53.739101,-2.964206,LTM,
Macclesfield,53.259331,-2.121397,MAC,
Machynlleth,52.595844,-3.854311,MCN,
Maesteg (Ewenny Road),51.605297,-3.649038,MEW,
Maesteg,51.610607,-3.655003,MST,
Maghull,53.506464,-2.930828,MAG,
Maghull North,53.5167,-2.9213,MNS,
Maiden Newton,50.780128,-2.568749,MDN,
Maidenhead,51.518601,-0.722464,MAI,
Maidstone Barracks,51.277288,0.514148,MDB,
Maidstone East,51.277729,0.520618,MDE,
Maidstone West,51.270943,0.515975,MDW,
Malden Manor,51.384579,-0.261118,MAL,
Mallaig,57.005497,-5.8306,MLG,
Malton,54.13155,-0.798593,MLT,
Malvern Link,52.12534,-2.31987,MVL,
Manchester Airport,53.361568,-2.268941,MIA,MAN
Manchester Oxford Road,53.47398,-2.242531,MCO,
Manchester Piccadilly,53.476704,-2.228991,MAN,
Manchester United Football Club,53.463056,-2.291389,MUF,
Manchester Victoria,53.487465,-2.242607,MCV,
Manea,52.497692,0.178779,MNE,
Manningtree,51.948818,1.045653,MNG,
Manor Park,51.552296,0.045309,MNP,
Manor Road,53.394772,-3.171468,MNR,
Manorbier,51.660114,-4.7919,MRB,
Manors,54.972698,-1.606296,MAS,
Mansfield,53.142232,-1.198192,MFT,
Mansfield Woodhouse,53.1636,-1.201651,MSW,
March,52.560432,0.090409,MCH,
Marden,51.175785,0.49359,MRN,
Margate,51.384926,1.371737,MAR,
Market Harborough,52.480366,-0.908868,MHR,
Market Rasen,53.384441,-0.337075,MKR,
Markinch,56.200069,-3.131414,MNC,
Marks Tey,51.880695,0.782372,MKT,
Marlow,51.570995,-0.766452,MLW,
Marple,53.400763,-2.057168,MPL,
Marsden,53.602737,-1.93197,MSN,
Marsh Barton,50.704,-3.521,MBT,
Marske,54.587433,-1.018892,MSK,
Marston Green,52.467159,-1.755616,MGN,
Martin Mill,51.170593,1.348907,MTM,
Martins Heron,51.406689,-0.720386,MAO,
Marton,54.543808,-1.197708,MTO,
Maryhill,55.898026,-4.301396,MYH,
Maryland,51.545784,0.006075,MYL,
Maryport,54.711597,-3.494738,MRY,
Matlock Bath,53.121941,-1.55766,MTB,
Matlock,53.138126,-1.558988,MAT,
Mauldeth Road,53.432984,-2.209325,MAU,
Maxwell Park,55.837124,-4.289813,MAX,
Maybole,55.354485,-4.686269,MAY,
Maze Hill,51.482883,0.003311,MZH,
Meadowhall,53.417046,-1.411669,MHS,
Meldreth,52.090687,0.00853,MEL,
Melksham,51.379803,-2.14449,MKM,
Melrose,55.59753,-2.715786,MLS,
Melton,52.103683,1.338085,MES,
Melton Mowbray,52.760643,-0.885564,MMO,
Menheniot,50.426183,-4.40938,MEN,
Menston,53.891895,-1.735205,MNN,
Meols,53.399356,-3.15431,MEO,
Meols Cop,53.645519,-2.975696,MEC,
Meopham,51.386368,0.356977,MEP,
Meridian Water,51.61,-0.0501,MRW,
Merryton,55.749013,-3.978667,MEY,
Merstham,51.264164,-0.149555,MHM,
Merthyr Tydfil,51.745476,-3.377458,MER,
Merthyr Vale,51.686607,-3.336622,MEV,
Metheringham,53.138866,-0.391421,MGM,
Metrocentre,54.958492,-1.662656,MCE,
Mexborough,53.490986,-1.28855,MEX,
Micheldever,51.182034,-1.260283,MIC,
Micklefield,53.788715,-1.324507,MIK,
Middlesbrough,54.579086,-1.232596,MBR,
Middlewood,53.359142,-2.084111,MDL,
Midgham,51.395805,-1.177683,MDG,
Milford (Surrey),51.163849,-0.63701,MLF,
Milford Haven,51.715977,-5.041485,MFH,
Mill Hill (Lancs),53.735433,-2.501433,MLH,
Mill Hill Broadway,51.612823,-0.249522,MIL,
Millbrook (Bedfordshire),52.053822,-0.532724,MLB,
Millbrook (Hants),50.911434,-1.433848,MBK,
Milliken Park,55.825157,-4.533405,MIN,
Millom,54.210831,-3.271108,MLM,
Mills Hill,53.551393,-2.171484,MIH,
Milngavie,55.94091,-4.315152,MLN,
Milton Keynes Central,52.034357,-0.77341,MKC,
Minffordd,52.926464,-4.085625,MFF,
Minster,51.329807,1.317431,MSR,
Mirfield,53.671577,-1.692696,MIR,
Mistley,51.943417,1.080205,MIS,
Mitcham Eastfields,51.407725,-0.154764,MTC,
Mitcham Junction,51.392887,-0.157308,MIJ,
Mobberley,53.329941,-2.333309,MOB,
Monifieth,56.480167,-2.818249,MON,
Monks Risborough,51.735134,-0.829882,MRS,
Montpelier,51.468205,-2.588525,MTP,
Montrose,56.71286,-2.47207,MTS,
Moorfields,53.408534,-2.989182,MRF,
Moorgate,51.5186,-0.09027,MOG,
Moorside,53.516354,-2.35146,MSD,
Moorthorpe,53.594452,-1.304952,MRP,
Morar,56.969788,-5.821991,MRR,
Morchard Road,50.831841,-3.776424,MRD,
Morden South,51.396248,-0.200299,MDS,
Morecambe,54.070322,-2.869379,MCM,
Moreton (Dorset),50.701057,-2.312914,MTN,
Moreton (Merseyside),53.407917,-3.113156,MRT,
Moreton-In-Marsh,51.992336,-1.7014,MIM,
Morfa Mawddach,52.7071,-4.032224,MFA,
Morley,53.75037,-1.592033,MLY,
Morpeth,55.162537,-1.682903,MPT,
Mortimer,51.371941,-1.035979,MOR,
Mortlake,51.468288,-0.266575,MTL,
Moses Gate,53.55604,-2.400931,MSS,
Moss Side,53.764431,-2.943548,MOS,
Mossley (Manchester),53.514963,-2.041263,MSL,
Mossley Hill,53.379025,-2.915464,MSH,
Mosspark,55.838947,-4.336232,MPK,
Moston,53.52264,-2.171925,MSO,
Motherwell,55.791927,-3.995234,MTH,
Motspur Park,51.395042,-0.23916,MOT,
Mottingham,51.439804,0.050353,MTG,
Mottisfont & Dunbridge,51.033987,-1.546942,DBG,
Mouldsworth,53.231976,-2.732546,MLD,
Moulsecoomb,50.844616,-0.12076,MCB,
Mount Florida,55.826859,-4.262067,MFL,
Mount Vernon,55.839882,-4.136638,MTV,
Mountain Ash,51.683422,-3.378478,MTA,
Muir of Ord,57.518017,-4.460981,MOO,
Muirend,55.810459,-4.273888,MUI,
Musselburgh,55.930225,-3.062719,MUB,
Mytholmroyd,53.729496,-1.981773,MYT,
Nafferton,54.011684,-0.386948,NFN,
Nailsea & Backwell,51.419357,-2.750661,NLS,
Nairn,57.580227,-3.873024,NRN,
Nantwich,53.063533,-2.518868,NAN,
Narberth,51.800156,-4.726567,NAR,
Narborough,52.571712,-1.20318,NBR,
Navigation Road,53.395412,-2.3435,NVR,
Neath,51.662315,-3.807267,NTH,
Needham Market,52.156437,1.051047,NMT,
Neilston,55.782364,-4.426945,NEI,
Nelson,53.834469,-2.214223,NEL,
Neston,53.292419,-3.063769,NES,
Netherfield,52.960972,-1.078427,NET,
Nethertown,54.456699,-3.566201,NRT,
Netley,50.874977,-1.341913,NTL,
New Barnet,51.648521,-0.172972,NBA,
New Beckenham,51.416988,-0.035525,NBC,
New Brighton,53.43726,-3.049191,NBN,
New Clee,53.574455,-0.060771,NCE,
New Cross Gate,51.475544,-0.041655,NXG,
New Cross,51.476299,-0.032984,NWX,
New Cumnock,55.402271,-4.182457,NCK,
New Eltham,51.437649,0.0704,NEH,
New Holland,53.702106,-0.360936,NHL,
New Hythe,51.312401,0.455075,NHE,
New Lane,53.611298,-2.86758,NLN,
New Malden,51.403393,-0.256084,NEM,
New Mills Central,53.364567,-2.007485,NMC,
New Mills Newtown,53.359169,-2.00898,NMN,
New Milton,50.755836,-1.658313,NWM,
New Pudsey,53.804573,-1.679581,NPD,
New Southgate,51.613876,-0.142586,NSG,
Newark Castle,53.079987,-0.813151,NCT,
Newark Northgate,53.082542,-0.799644,NNG,
Newbridge,51.665686,-3.142116,NBE,
Newbury Park,51.57582,0.08971,ZNP,
Newbury Racecourse,51.39814,-1.308549,NRC,
Newbury,51.397599,-1.322608,NBY,
Newcastle,54.968243,-1.617264,NCL,
Newcastle Airport,55.03588,-1.71209,APN,NCL
Newcourt,50.705418,-3.47259,NCO,
Newcraighall,55.932619,-3.091582,NEW,
Newhaven Harbour,50.790398,0.054433,NVH,
Newhaven Town,50.794888,0.054627,NVN,
Newington,51.353733,0.66269,NGT,
Newmarket,52.237904,0.406249,NMK,
Newport (Essex),51.97995,0.216176,NWE,
Newport (South Wales),51.590145,-2.998873,NWP,
Newquay,50.415245,-5.075769,NQY,
Newstead,53.069961,-1.222036,NSD,
Newton,55.819256,-4.133907,NTN,
Newton Abbot,50.529507,-3.599957,NTA,
Newton Aycliffe,54.613171,-1.5881,NAY,
Newton for Hyde,53.45623,-2.067735,NWN,
Newton Heath and Moston,53.50375,-2.1854,NMM,
Newton St Cyres,50.77879,-3.588594,NTC,
Newtongrange,55.865652,-3.066151,NEG,
Newton-Le-Willows,53.452873,-2.614369,NLW,
Newtonmore,57.059673,-4.118831,NWR,
Newton-On-Ayr,55.473541,-4.62632,NOA,
Newtown (Powys),52.512291,-3.311432,NWT,
Ninian Park,51.475861,-3.200846,NNP,
Nitshill,55.811531,-4.360126,NIT,
Norbiton,51.411907,-0.284525,NBT,
Norbury,51.411236,-0.123492,NRB,
Normans Bay,50.825382,0.389669,NSB,
Normanton,53.700249,-1.424378,NOR,
North Berwick,56.057545,-2.728989,NBW,
North Camp,51.275517,-0.731195,NCM,
North Dulwich,51.454712,-0.087163,NDL,
North Fambridge,51.64859,0.681703,NFA,
North Llanrwst,53.141348,-3.792723,NLR,
North Queensferry,56.013168,-3.395426,NQU,
North Road,54.536667,-1.554856,NRD,
North Sheen,51.464977,-0.285423,NSH,
North Walsham,52.817383,1.385142,NWA,
North Wembley,51.562355,-0.303394,NWB,
Northallerton,54.333084,-1.441718,NTR,
Northampton,52.237433,-0.906689,NMP,
Northfield,52.408073,-1.96469,NFD,
Northfleet - Cooper Arms,51.446384,0.324092,NFL,
Northolt Park,51.557762,-0.359827,NLT,
Northumberland Park,51.601643,-0.053558,NUM,
Northwich,53.261414,-2.496815,NWI,
Norton Bridge,52.865513,-2.190102,NTB,
Norwich,52.627121,1.306879,NRW,
Norwood Junction,51.396965,-0.075201,NWD,
Nottingham,52.946905,-1.146441,NOT,
Nuneaton,52.526436,-1.463431,NUN,
Nunhead,51.466747,-0.053546,NHD,
Nunthorpe,54.528347,-1.170195,NNT,
Nutbourne,50.846313,-0.883508,NUT,
Nutfield,51.22702,-0.132425,NUF,
Oakengates,52.693104,-2.451245,OKN,
Oakham,52.671913,-0.734019,OKM,
Oakleigh Park,51.637627,-0.166189,OKL,
Oban,56.411758,-5.473841,OBN,
Ockendon,51.521687,0.290439,OCK,
Ockley,51.150955,-0.335692,OLY,
Okehampton,50.731679,-3.988267,OKE,
Old Hill,52.470993,-2.055913,OHL,
Old Roan,53.486871,-2.951095,ORN,
Old Street,51.525776,-0.088515,OLD,
Oldfield Park,51.37978,-2.380742,OLF,
Olton,52.43848,-1.804313,OLT,
Ore,50.866959,0.590783,ORE,
Ormskirk,53.569014,-2.881615,OMS,
Orpington,51.373463,0.089049,ORP,
Orrell,53.530548,-2.709028,ORR,
Orrell Park,53.461991,-2.962908,OPK,
Otford,51.312141,0.196757,OTF,
Oulton Broad North,52.478226,1.716998,OUN,
Oulton Broad South,52.469528,1.707425,OUS,
Outwood,53.714115,-1.512068,OUT,
Overpool,53.284155,-2.924788,OVE,
Overton,51.253971,-1.25913,OVR,
Oxenholme Lake District,54.305169,-2.722249,OXN,
Oxford,51.753549,-1.270037,OXF,
Oxford Parkway,51.8042,-1.2745,OXP,
Oxshott,51.336578,-0.361993,OXS,
Oxted,51.257298,-0.005075,OXT,
Paddock Wood,51.182453,0.389485,PDW,
Padgate,53.405514,-2.556521,PDG,
Paignton,50.434658,-3.564361,PGN,
Paisley Canal,55.840878,-4.422606,PCN,
Paisley Gilmour Street,55.848026,-4.424646,PYG,
Paisley St James,55.852165,-4.442486,PYJ,
Palmers Green,51.618736,-0.109164,PAL,
Pangbourne,51.485231,-1.090522,PAN,
Pannal,53.958687,-1.533605,PNL,
Pantyffynnon,51.778835,-3.997481,PTF,
Par,50.355263,-4.704752,PAR,
Parbold,53.590856,-2.770679,PBL,
Park Street,51.725651,-0.340727,PKT,
Parkstone (Dorset),50.723049,-1.94897,PKS,
Parson Street,51.432758,-2.60991,PSN,
Partick,55.869987,-4.310921,PTK,
Parton,54.569795,-3.580867,PRN,
Patchway,51.52578,-2.562647,PWY,
Patricroft,53.484745,-2.357919,PAT,
Patterton,55.790443,-4.334935,PTT,
Peartree,52.89684,-1.473198,PEA,
Peckham Rye,51.470585,-0.067782,PMR,
Pegswood,55.178616,-1.64509,PEG,
Pemberton,53.530427,-2.670225,PEM,
Pembrey & Burry Port,51.683487,-4.247899,PBY,
Pembroke Dock,51.69434,-4.93729,PMD,
Pembroke,51.673546,-4.905563,PMB,
Penally,51.65905,-4.72243,PNA,
Penarth,51.435669,-3.173908,PEN,
Pencoed,51.524567,-3.50053,PCD,
Pengam,51.670681,-3.230578,PGM,
Penge East,51.419125,-0.055566,PNE,
Penge West,51.417419,-0.061402,PNW,
Penhelig,52.545212,-4.035051,PHG,
Penistone,53.525757,-1.62134,PNS,
Penkridge,52.723611,-2.119447,PKG,
Penmaenmawr,53.270635,-3.923514,PMW,
Penmere,50.149736,-5.083108,PNM,
Penrhiwceiber,51.671906,-3.363662,PER,
Penrhyndeudraeth,52.928623,-4.064905,PRH,
Penrith,54.661831,-2.758044,PNR,
Penryn,50.170206,-5.110885,PYN,
Pensarn,52.830692,-4.112216,PES,
Penshurst,51.197449,0.174125,PHR,
Pentre-Bach,51.724976,-3.362362,PTB,
Pen-Y-Bont,52.273914,-3.321972,PNY,
Penychain,52.903,-4.33845,PNC,
Penyffordd,53.143253,-3.055472,PNF,
Penzance,50.12162,-5.532489,PNZ,
Perranwell,50.216431,-5.111868,PRW,
Perry Barr,52.516361,-1.90196,PRY,
Pershore,52.130249,-2.071555,PSH,
Perth,56.39275,-3.440068,PTH,
Peterborough,52.574947,-0.24981,PBO,
Petersfield,51.006924,-0.940951,PTR,
Petts Wood,51.388996,0.075393,PET,
Pevensey & Westham,50.815899,0.325291,PEV,
Pevensey Bay,50.818249,0.342453,PEB,
Pewsey,51.342411,-1.771691,PEW,
Pickering Eastgate,54.24349,-0.77435,PIZ,
Pilning,51.556502,-2.627192,PIL,
Pinhoe,50.738079,-3.469582,PIN,
Pitlochry,56.70256,-3.736085,PIT,
Pitsea,51.560387,0.508806,PSE,
Pleasington,53.730961,-2.544142,PLS,
Plockton,57.333172,-5.666848,PLK,
Pluckley,51.156578,0.748571,PLC,
Plumley,53.274809,-2.419615,PLM,
Plumpton,50.929066,-0.060435,PMP,
Plumstead,51.48959,0.082828,PLU,
Plymouth,50.377762,-4.143386,PLY,
Pokesdown,50.731022,-1.82568,POK,
Polegate,50.820934,0.251705,PLG,
Polesworth,52.625893,-1.60995,PSW,
Pollokshaws East,55.824589,-4.287476,PWE,
Pollokshaws West,55.824318,-4.301826,PWW,
Pollokshields East,55.841103,-4.269287,PLE,
Pollokshields West,55.83736,-4.277043,PLW,
Polmont,55.984856,-3.716614,PMT,
Polsloe Bridge,50.731274,-3.501785,POL,
Ponders End,51.642693,-0.034453,PON,
Pontarddulais,51.716866,-4.045417,PTD,
Pontefract Baghill,53.691517,-1.303355,PFR,
Pontefract Monkhill,53.698711,-1.304749,PFM,
Pontefract Tanshelf,53.694313,-1.319964,POT,
Pontlottyn,51.74659,-3.278995,PLT,
Pontyclun,51.524113,-3.390959,PYC,
Pont-Y-Pant,53.065033,-3.862462,PYP,
Pontypool and New Inn,51.697926,-3.014277,PPL,
Pontypridd,51.599312,-3.342715,PPD,
Poole,50.718559,-1.982964,POO,
Poppleton,53.976345,-1.147657,POP,
Port Glasgow,55.9342,-4.689432,PTG,
Port Sunlight,53.349123,-2.998248,PSL,
Port Talbot Parkway,51.591671,-3.781362,PTA,
Portchester,50.848389,-1.126361,PTC,
Porth,51.61203,-3.408079,POR,
Porthmadog,52.930954,-4.136431,PTM,
Portlethen,57.060455,-2.128577,PLN,
Portslade,50.836044,-0.204898,PLD,
Portsmouth & Southsea,50.797756,-1.090417,PMS,
Portsmouth Arms,50.956768,-3.950633,PMA,
Portsmouth Harbour,50.796097,-1.108895,PMH,
Portway Park & Ride,51.488611,-2.688056,PRI,
Possilpark & Parkhouse,55.890717,-4.259381,PPK,
Potters Bar,51.697392,-0.192715,PBR,
Poulton-Le-Fylde,53.848128,-2.990212,PFY,
Poynton,53.350398,-2.13448,PYT,
Prees,52.89962,-2.689765,PRS,
Prescot,53.423535,-2.799022,PSC,
Prestatyn,53.336491,-3.407164,PRT,
Prestbury,53.293465,-2.14549,PRB,
Preston,53.755721,-2.707191,PRE,
Preston Park,50.846054,-0.154787,PRP,
Prestonpans,55.953426,-2.973665,PST,
Prestwick International Airport,55.511513,-4.616166,PRA,PIK
Prestwick Town,55.501675,-4.613935,PTW,
Priesthill & Darnley,55.812737,-4.344246,PTL,
Princes Risborough,51.717697,-0.844059,PRR,
Prittlewell,51.550476,0.71167,PRL,
Prudhoe,54.966072,-1.864077,PRU,
Pulborough,50.957355,-0.517751,PUL,
Purfleet,51.481358,0.236575,PFL,
Purley Oaks,51.346989,-0.098843,PUO,
Purley,51.337334,-0.113592,PUR,
Putney,51.46125,-0.216463,PUT,
Pwllheli,52.887825,-4.416754,PWL,
Pye Corner,51.579513,-3.038295,PYE,
Pyle,51.527199,-3.702439,PYL,
Quakers Yard,51.660686,-3.322844,QYD,
Queenborough,51.416473,0.749756,QBR,
Queens Park (Glasgow),55.835747,-4.267368,QPK,
Queens Park (London),51.533916,-0.204966,QPW,
Queens Road Peckham,51.47401,-0.057553,QRP,
Queenstown Road (Battersea),51.474552,-0.146819,QRB,
Quintrell Downs,50.403908,-5.029838,QUI,
Radcliffe (Nottinghamshire),52.948906,-1.031059,RDF,
Radlett,51.68486,-0.317626,RDT,
Radley,51.685588,-1.240398,RAD,
Radyr,51.515831,-3.248028,RDR,
Rainford,53.51694,-2.789454,RNF,
Rainham (Essex),51.517449,0.190716,RNM,
Rainham (Kent),51.36657,0.611698,RAI,
Rainhill,53.417129,-2.766398,RNH,
Ramsgate,51.340767,1.405833,RAM,
Ramsgreave & Wilpshire,53.787868,-2.47657,RGW,
Rannoch,56.685318,-4.576208,RAN,
Rauceby,52.985081,-0.455247,RAU,
Ravenglass for Eskdale,54.355804,-3.409456,RAV,
Ravensbourne,51.413803,-0.0069,RVB,
Ravensthorpe,53.675964,-1.653298,RVN,
Rawcliffe,53.688141,-0.961174,RWC,
Rayleigh,51.589851,0.601393,RLG,
Raynes Park,51.409294,-0.22998,RAY,
Reading,51.458767,-0.972172,RDG,
Reading Green Park,51.426667,-1.001389,RGP,
Reading West,51.455077,-0.990143,RDW,
Rectory Road,51.55872,-0.068379,REC,
Redbridge,50.919697,-1.470737,RDB,
Redcar Central,54.615692,-1.069318,RCC,
Redcar East,54.609257,-1.05088,RCE,
Reddish North,53.448956,-2.15656,RDN,
Reddish South,53.435873,-2.159028,RDS,
Redditch,52.306337,-1.945248,RDC,
Redhill,51.240124,-0.164851,RDH,
Redland,51.468792,-2.598875,RDA,
Redruth,50.233111,-5.225877,RED,
Reedham (London),51.332108,-0.123854,RHM,
Reedham (Norfolk),52.564045,1.558941,REE,
Reigate,51.241623,-0.203474,REI,
Renton,55.970566,-4.586181,RTN,
Reston,55.8506,-2.1972,RSN,
Retford,53.315872,-0.94772,RET,
Rhiwbina,51.520687,-3.213561,RHI,
Rhoose Cardiff Airport,51.387454,-3.347599,RIA,CWL
Rhosneigr,53.234782,-4.505768,RHO,
Rhyl,53.318409,-3.489144,RHL,
Rhymney,51.759064,-3.289494,RHY,
Ribblehead,54.205776,-2.36087,RHD,
Rice Lane,53.457738,-2.962253,RIL,
Richmond,51.462505,-0.301346,RMD,
Rickmansworth,51.640447,-0.473013,RIC,
Riddlesdown,51.332611,-0.099436,RDD,
Ridgmont,52.026588,-0.594903,RID,
Riding Mill,54.949066,-1.97186,RDM,
Risca & Pontymister,51.60443,-3.093533,RCA,
Rishton,53.763813,-2.420165,RIS,
Robertsbridge,50.984726,0.469092,RBR,
Robroyston,55.887581,-4.172291,RRN,
Roby,53.410034,-2.855956,ROB,
Rochdale,53.610293,-2.153444,RCD,
Roche,50.418911,-4.830658,ROC,
Rochester,51.384968,0.510698,RTR,
Rochford,51.581276,0.701959,RFD,
Rock Ferry,53.372269,-3.010898,RFY,
Rogart,57.988979,-4.158224,ROG,
Rogerstone,51.593413,-3.065478,ROR,
Rolleston,53.065536,-0.900095,ROL,
Roman Bridge,53.044319,-3.92125,RMB,
Romford,51.575016,0.181986,RMF,
Romiley,53.414026,-2.089307,RML,
Romsey,50.992641,-1.492716,ROM,
Roose,54.115157,-3.19457,ROO,
Rose Grove,53.786686,-2.282282,RSG,
Rose Hill Marple,53.396176,-2.076502,RSH,
Rosyth,56.046055,-3.427114,ROS,
Rotherham Central,53.429356,-1.358811,RMC,
Rotherhithe,51.50098,-0.05353,ROE,
Roughton Road,52.917828,1.299239,RNR,
Rowlands Castle,50.892864,-0.957748,RLN,
Rowley Regis,52.477299,-2.030885,ROW,
Roy Bridge,56.888184,-4.83645,RYB,
Roydon,51.775494,0.035088,RYN,
Royston,52.053509,-0.026686,RYS,
Ruabon,52.986935,-3.044214,RUA,
Rufford,53.634817,-2.806792,RUF,
Rugby,52.378719,-1.249263,RUG,
Rugeley Town,52.754672,-1.936963,RGT,
Rugeley Trent Valley,52.769451,-1.930309,RGL,
Runcorn,53.338696,-2.73919,RUN,
Runcorn East,53.326929,-2.665102,RUE,
Ruskington,53.041615,-0.380127,RKT,
Ruswarp,54.470367,-0.626664,RUS,
Rutherglen,55.830448,-4.212766,RUT,
Ryde Esplanade,50.733517,-1.159676,RYD,
Ryde Pier Head,50.738914,-1.159578,RYP,
Ryde St Johns Road,50.72361,-1.157028,RYR,
Ryder Brow,53.457916,-2.176173,RRB,
Rye,50.951916,0.730782,RYE,
Rye House,51.76881,0.005796,RYH,
Salford Central,53.482913,-2.254686,SFD,
Salford Crescent,53.486462,-2.275715,SLD,
Salfords,51.201412,-0.162096,SAF,
Salhouse,52.675083,1.391886,SAH,
Salisbury,51.070915,-1.805864,SAL,
Saltaire,53.838066,-1.790246,SAE,
Saltash,50.407108,-4.209449,STS,
Saltburn,54.583462,-0.974116,SLB,
Saltcoats,55.633648,-4.784804,SLT,
Saltmarshe,53.722675,-0.808765,SAM,
Salwick,53.781536,-2.817973,SLW,
Sandal & Agbrigg,53.664574,-1.485404,SNA,
Sandbach,53.150113,-2.393528,SDB,
Sanderstead,51.348694,-0.093017,SNR,
Sandhills,53.430021,-2.9915,SDL,
Sandhurst,51.34642,-0.803911,SND,
Sandling,51.09021,1.065995,SDG,
Sandown,50.657101,-1.162457,SAN,
Sandplace,50.386684,-4.464549,SDP,
Sandwell & Dudley,52.508431,-2.011281,SAD,
Sandwich,51.269711,1.343208,SDW,
Sandy,52.124931,-0.28065,SDY,
Sankey for Penketh,53.392452,-2.651094,SNK,
Sanquhar,55.370633,-3.923437,SQH,
Sarn,51.540049,-3.589196,SRR,
Saundersfoot,51.722084,-4.718965,SDF,
Saunderton,51.675751,-0.825626,SDR,
Sawbridgeworth,51.814625,0.160177,SAW,
Saxilby,53.267193,-0.664018,SXY,
Saxmundham,52.215309,1.489965,SAX,
Scarborough,54.2798,-0.405666,SCA,
Scotscalder,58.482891,-3.553764,SCT,
Scotstounhill,55.884491,-4.351765,SCH,
Scunthorpe,53.58617,-0.650951,SCU,
Sea Mills,51.480209,-2.649427,SML,
Seaburn,54.929558,-1.38667,SEB,
Seaford,50.772495,0.10045,SEF,
Seaforth & Litherland,53.466336,-3.005619,SFL,
Seaham,54.836835,-1.341019,SEA,
Seamer,54.241287,-0.416367,SEM,
Seascale,54.395351,-3.48476,SSC,
Seaton Carew,54.657959,-1.200106,SEC,
Seer Green & Jordans,51.609524,-0.607809,SRG,
Selby,53.78336,-1.06355,SBY,
Selhurst,51.392704,-0.089759,SRS,
Selkirk,55.516089,-2.806171,SKK,
Sellafield,54.416571,-3.510293,SEL,
Selling,51.277817,0.940801,SEG,
Selly Oak,52.441322,-1.936708,SLY,
Settle,54.066897,-2.280704,SET,
Seven Kings,51.563992,0.096325,SVK,
Seven Sisters,51.584007,-0.074521,SVS,
Sevenoaks,51.27734,0.182193,SEV,
Severn Beach,51.559864,-2.664227,SVB,
Severn Tunnel Junction,51.584629,-2.777917,STJ,
Shadwell,51.51093,-0.05743,SDE,
Shalford,51.214264,-0.566789,SFR,
Shanklin,50.633842,-1.179841,SHN,
Shawfair,55.91993,-3.07872,SFI,
Shawford,51.021488,-1.328428,SHW,
Shawlands,55.828987,-4.292521,SHL,
Sheerness-On-Sea,51.440559,0.758397,SSS,
Sheffield,53.378639,-1.463297,SHF,
Shelford,52.149517,0.139805,SED,
Shenfield,51.630615,0.330602,SNF,
Shenstone,52.638985,-1.844528,SEN,
Shepherds Bush,51.506,-0.218,SPB,
Shepherds Well,51.188339,1.229952,SPH,
Shepley,53.588913,-1.703863,SPY,
Shepperton,51.397091,-0.447521,SHP,
Shepreth,52.114567,0.031517,STH,
Sherborne,50.94405,-2.513816,SHE,
Sherburn-In-Elmet,53.797142,-1.23176,SIE,
Sheringham,52.94096,1.210195,SHM,
Shettleston,55.852959,-4.159731,SLS,
Shieldmuir,55.775532,-3.952944,SDM,
Shifnal,52.666405,-2.371116,SFN,
Shildon,54.626816,-1.637515,SHD,
Shiplake,51.51121,-0.882452,SHI,
Shipley,53.833553,-1.773558,SHY,
Shippea Hill,52.430218,0.412299,SPP,
Shipton,51.866131,-1.591864,SIP,
Shirebrook,53.20369,-1.201995,SHB,
Shirehampton,51.484216,-2.679162,SHH,
Shireoaks,53.32481,-1.16821,SRO,
Shirley,52.403473,-1.845632,SRL,
Shoeburyness,51.531414,0.795616,SRY,
Sholing,50.896687,-1.36436,SHO,
Shoreditch High Street,51.523433,-0.075614,SDC,
Shoreham (Kent),51.332092,0.187665,SEH,
Shoreham-By-Sea,50.834358,-0.271709,SSE,ESH
Shortlands,51.405548,0.002798,SRT,
Shotton,53.21352,-3.037728,SHT,
Shotts,55.818302,-3.80024,SHS,
Shrewsbury,52.711369,-2.74897,SHR,
Sidcup,51.434361,0.103342,SID,
Sileby,52.731595,-1.109979,SIL,
Silecroft,54.225966,-3.334281,SIC,
Silkstone Common,53.537239,-1.560883,SLK,
Silver Street,51.615364,-0.067415,SLV,
Silverdale,54.169922,-2.804164,SVR,
Singer,55.907711,-4.405983,SIN,
Sittingbourne,51.342201,0.733817,SIT,
Skegness,53.143032,0.333926,SKG,
Skewen,51.660789,-3.847692,SKE,
Skipton,53.958691,-2.025878,SKI,
Slade Green,51.466957,0.189792,SGR,
Slaithwaite,53.624275,-1.87901,SWT,
Slateford,55.926731,-3.243476,SLA,
Sleaford,52.995274,-0.410174,SLR,
Sleights,54.46088,-0.66246,SLH,
Slough,51.511921,-0.591803,SLO,
Small Heath,52.46283,-1.858673,SMA,
Smallbrook Junction,50.712822,-1.15721,SAB,
Smethwick Galton Bridge,52.501826,-1.980632,SGB,
Smethwick Rolfe Street,52.49632,-1.969885,SMR,
Smithy Bridge,53.633266,-2.113394,SMB,
Snaith,53.693192,-1.027678,SNI,
Snodland,51.330521,0.448864,SDA,
Snowdown,51.214886,1.213187,SWO,
Sole Street,51.38327,0.376939,SOR,
Solihull,52.415081,-1.78972,SOL,
Soham,52.33415,0.3277,SOJ,
Somerleyton,52.509892,1.653333,SYT,
South Acton,51.499813,-0.269697,SAT,
South Bank,54.582375,-1.186112,SBK,
South Bermondsey,51.487446,-0.054101,SBM,
South Croydon,51.362194,-0.093903,SCY,
South Elmsall,53.595234,-1.285286,SES,
South Greenford,51.533339,-0.336403,SGN,
South Gyle,55.936951,-3.298234,SGL,
South Hampstead,51.541424,-0.178759,SOH,
South Kenton,51.56963,-0.308894,SOK,
South Merton,51.40353,-0.205764,SMO,
South Milford,53.781994,-1.251772,SOM,
South Ruislip,51.556742,-0.398812,SRU,
South Tottenham,51.58036,-0.071788,STO,
South Wigston,52.582451,-1.132918,SWS,
South Woodham Ferrers,51.64957,0.606512,SOF,
Southall,51.505884,-0.378513,STL,
Southampton Airport Parkway,50.950638,-1.36362,SOA,SOU
Southampton Central,50.907742,-1.413983,SOU,
Southampton Town Quay,50.895035,-1.405778,STQ,
Southbourne,50.848343,-0.907601,SOB,
Southbury,51.648396,-0.052998,SBU,
Southease,50.831284,0.03066,SEE,
Southend Airport,51.5687,0.704084,SIA,SEN
Southend Central,51.536972,0.712305,SOC,
Southend East,51.539234,0.731196,SOE,
Southend Victoria,51.542389,0.711184,SOV,
Southminster,51.660873,0.835397,SMN,
Southport,53.646597,-3.002229,SOP,
Southwick,50.832928,-0.236254,SWK,
Sowerby Bridge,53.707886,-1.90756,SOW,
Spalding,52.788418,-0.156722,SPA,
Spean Bridge,56.889839,-4.920321,SBR,
Spital,53.339869,-2.993903,SPI,
Spondon,52.912267,-1.410627,SPO,
Spooner Row,52.535057,1.086088,SPN,
Spring Road,52.44392,-1.83666,SRI,
Springburn,55.881363,-4.230064,SPR,
Springfield,56.295116,-3.051808,SPF,
Squires Gate,53.776756,-3.049403,SQU,
St Albans,51.748829,-0.326842,SAC,
St Albans Abbey,51.744675,-0.342422,SAA,
St Andrews Road,51.513214,-2.696009,SAR,
St Annes-On-The-Sea,53.753383,-3.029662,SAS,
St Austell,50.338863,-4.789557,SAU,
St Bees,54.492465,-3.591263,SBS,
St Budeaux Ferry Road,50.401241,-4.186661,SBF,
St Budeaux Victoria Road,50.403008,-4.188144,SBV,
St Columb Road,50.399002,-4.94085,SCR,
St Denys,50.921997,-1.3882,SDN,
St Erth,50.171074,-5.443694,SER,
St Germans,50.394386,-4.308757,SGM,
St Helens Central,53.453117,-2.730328,SNH,
St Helens Junction,53.433525,-2.699892,SHJ,
St Helier,51.389935,-0.199115,SIH,
St Ives,50.208759,-5.477247,SIV,
St James' Park,50.731094,-3.523202,SJP,
St James Street,51.580612,-0.032804,SJS,
St Johns,51.468937,-0.023225,SAJ,
St Keyne,50.422714,-4.462204,SKN,
St Leonards Warrior Square,50.855942,0.560326,SLQ,
St Margarets (London),51.454689,-0.320352,SMG,
St Margarets (Herts),51.787773,0.000837,SMT,
St Mary Cray,51.394714,0.107269,SMY,
St Michaels,53.375649,-2.952704,STM,
St Neots,52.231438,-0.247244,SNO,
St Peters,54.91066,-1.38387,STZ,
Stadium of Light,54.917837,-1.383751,STI,
Stafford,52.804466,-2.123088,STA,
Staines,51.432873,-0.502415,SNS,
Stallingborough,53.587158,-0.182581,SLL,
Stalybridge,53.484471,-2.06264,SYB,
Stamford,52.647358,-0.480474,SMD,
Stamford Hill,51.575035,-0.076343,SMH,
Stanford-Le-Hope,51.513634,0.422634,SFO,
Stanlow & Thornton,53.277996,-2.841318,SNT,
Stansted Airport,51.888979,0.26162,SSD,STN
Stansted Mountfitchet,51.901495,0.199642,SST,
Staplehurst,51.171856,0.55061,SPU,
Stapleton Road,51.468052,-2.565747,SRD,
Starbeck,53.999004,-1.501116,SBE,
Starcross,50.627731,-3.447757,SCS,
Staveley,54.375629,-2.818961,SVL,
Stechford,52.485241,-1.810006,SCF,
Steeton & Silsden,53.900257,-1.946704,SON,
Stepps,55.890026,-4.147389,SPS,
Stevenage,51.899025,-0.206437,SVG,
Stevenston,55.633533,-4.749829,STV,
Stewartby,52.06974,-0.520596,SWR,
Stewarton,55.681633,-4.519346,STT,
Stirling,56.119114,-3.934915,STG,
Stockport,53.4049,-2.162419,SPT,
Stocksfield,54.94635,-1.917227,SKS,
Stocksmoor,53.594349,-1.723478,SSM,
Stockton,54.56971,-1.31784,STK,
Stoke Mandeville,51.78772,-0.783575,SKM,
Stoke Newington,51.565079,-0.07244,SKW,
Stoke-On-Trent,53.008012,-2.181119,SOT,
Stone,52.90832,-2.154951,SNE,
Stone Crossing,51.452053,0.263924,SCG,
Stonebridge Park,51.543961,-0.275233,SBP,
Stonegate,51.020184,0.364016,SOG,
Stonehaven,56.966888,-2.225286,STN,
Stonehouse,51.746029,-2.279516,SHU,
Stoneleigh,51.363701,-0.247546,SNL,
Stourbridge Junction,52.447563,-2.133857,SBJ,
Stourbridge Town,52.456539,-2.142716,SBT,
Stow,55.691398,-2.857782,SOI,
Stowmarket,52.190105,1.000662,SMK,
Stranraer,54.909626,-5.024806,STR,
Stratford International,51.544306,-0.009882,SFA,
Stratford (London),51.542358,-0.004175,SRA,
Stratford-upon-Avon Parkway,52.20642,-1.7307,STY,
Stratford-upon-Avon,52.19376,-1.716148,SAV,
Strathcarron,57.422585,-5.429166,STC,
Strawberry Hill,51.439682,-0.339597,STW,
Streatham Common,51.418629,-0.136136,SRC,
Streatham Hill,51.43829,-0.128136,SRH,
Streatham,51.425755,-0.131535,STE,
Streethouse,53.676158,-1.399346,SHC,
Strines,53.374932,-2.033544,SRN,
Stromeferry,57.352688,-5.550702,STF,
Strood,51.396,0.4998,SOO,
Stroud,51.744358,-2.218673,STD,
Sturry,51.301018,1.121644,STU,
Styal,53.348137,-2.240313,SYA,
Sudbury & Harrow Road,51.554459,-0.316676,SUD,
Sudbury Hill Harrow,51.558423,-0.336092,SDH,
Sudbury Suffolk,52.035591,0.735111,SUY,
Sugar Loaf,52.082237,-3.686991,SUG,
Summerston,55.89835,-4.283814,SUM,
Sunbury,51.418262,-0.416611,SUU,
Sunderland,54.90617,-1.382357,SUN,
Sundridge Park,51.413338,0.020402,SUP,
Sunningdale,51.391312,-0.633135,SNG,
Sunnymeads,51.470451,-0.558781,SNY,
Surbiton,51.392406,-0.303942,SUR,
Surrey Quays,51.49279,0.048114,SQE,
Sutton (London),51.360126,-0.190223,SUO,
Sutton Coldfield,52.565269,-1.824404,SUT,
Sutton Common,51.375519,-0.196799,SUC,
Sutton Parkway,53.122108,-1.236385,SPK,
Swale,51.390434,0.748194,SWL,
Swanley,51.392727,0.16755,SAY,
Swanscombe- George & Dragon,51.449356,0.309854,SWM,
Swansea,51.625103,-3.941598,SWA,
Swanwick,50.875427,-1.265151,SNW,
Sway,50.784454,-1.609864,SWY,
Swaythling,50.941719,-1.376552,SWG,
Swinderby,53.168732,-0.702985,SWD,
Swindon,51.565437,-1.786448,SWI,
Swineshead,52.969593,-0.186255,SWE,
Swinton (Manchester),53.514822,-2.337384,SNN,
Swinton (South Yorks),53.487484,-1.305195,SWN,
Sydenham Hill,51.433002,-0.079444,SYH,
Sydenham,51.427208,-0.055232,SYD,
Syon Lane,51.481735,-0.325116,SYL,
Syston,52.693111,-1.082611,SYS,
Tackley,51.88118,-1.297202,TAC,
Tadworth,51.29158,-0.235953,TAD,
Taffs Well,51.540848,-3.263129,TAF,
Tain,57.814651,-4.051826,TAI,
Talsarnau,52.904289,-4.068213,TAL,
Talybont,52.772507,-4.097534,TLB,
Tal-Y-Cafn,53.228443,-3.818606,TLC,
Tame Bridge Parkway,52.551022,-1.974899,TAB,
Tamworth,52.63737,-1.687083,TAM,
Tan-Y-Bwlch,52.994685,-3.937079,TYB,
Taplow,51.523528,-0.681474,TAP,
Tattenham Corner,51.308765,-0.242456,TAT,
Taunton,51.023613,-3.102146,TAU,
Taynuilt,56.430714,-5.23868,TAY,
Teddington,51.424294,-0.332965,TED,
Teesside Airport,54.518147,-1.425305,TEA,MME
Teignmouth,50.547993,-3.494712,TGM,
Telford Central,52.678764,-2.440744,TFC,
Templecombe,51.001083,-2.417532,TMC,
Tenby,51.672897,-4.707348,TEN,
Teynham,51.333248,0.807944,TEY,
Thames Ditton,51.388424,-0.340027,THD,
Thanet Parkway,51.330843,1.361777,THP,
Thatcham,51.39384,-1.243048,THA,
Thatto Heath,53.436585,-2.759419,THH,
The Hawthorns,52.505165,-1.96313,THW,
The Lakes,52.359436,-1.845782,TLK,
Theale,51.433395,-1.074968,THE,
Theobalds Grove,51.692162,-0.035216,TEO,
Thetford,52.419384,0.744109,TTF,
Thirsk,54.228489,-1.372573,THI,
Thornaby,54.559734,-1.301006,TBY,
Thorne North,53.616329,-0.972006,TNN,
Thorne South,53.602707,-0.957227,TNS,
Thornford,50.911377,-2.57889,THO,
Thornliebank,55.810642,-4.312201,THB,
Thornton Abbey,53.653942,-0.323458,TNA,
Thornton Heath,51.399181,-0.100981,TTH,
Thorntonhall,55.767746,-4.250674,THT,
Thorpe Bay,51.537586,0.762828,TPB,
Thorpe Culvert,53.123108,0.19982,TPC,
Thorpe-Le-Soken,51.847698,1.162258,TLS,
Three Bridges,51.116863,-0.161162,TBD,
Three Oaks,50.900658,0.612558,TOK,
Thurgarton,53.02924,-0.962157,THU,
Thurnscoe,53.545033,-1.308775,THC,
Thurso,58.590092,-3.527548,THS,
Thurston,52.249699,0.808347,TRS,
Tilbury Riverside,51.451862,0.36467,TBR,
Tilbury Town,51.462879,0.353724,TIL,
Tile Hill,52.394798,-1.594357,THL,
Tilehurst,51.471333,-1.029754,TLH,
Tipton,52.53039,-2.065499,TIP,
Tir-Phil,51.72086,-3.246424,TIR,
Tisbury,51.060257,-2.078456,TIS,
Tiverton Parkway,50.917477,-3.359979,TVP,
Todmorden,53.713612,-2.099977,TOD,
Tolworth,51.37677,-0.280098,TOL,
Ton Pentre,51.647942,-3.485801,TPN,
Tonbridge,51.191132,0.269715,TON,
Tondu,51.548492,-3.595064,TDU,
Tonfanau,52.613789,-4.123919,TNF,
Tonypandy,51.61961,-3.450216,TNP,
Tooting,51.419914,-0.16053,TOO,
Topsham,50.685989,-3.4637,TOP,
Torquay,50.461014,-3.544095,TQY,
Torre,50.472664,-3.547292,TRR,
Totnes,50.435623,-3.688317,TOT,
Tottenham Court Road,51.5162,-0.1309,TCR,
Tottenham Hale,51.588257,-0.059914,TOM,
Totton,50.917953,-1.482138,TTN,
Town Green,53.542807,-2.9045,TWN,
Trafford Park,53.454899,-2.310836,TRA,
Trefforest Estate,51.568417,-3.2913,TRE,
Trefforest,51.591419,-3.325157,TRF,
Trehafod,51.609661,-3.380569,TRH,
Treherbert,51.671577,-3.53575,TRB,
Treorchy,51.657593,-3.504922,TRY,
Trimley,51.976509,1.318431,TRM,
Tring,51.800327,-0.622253,TRI,
Troed-Y-Rhiw,51.71257,-3.346066,TRD,
Troon,55.543045,-4.654731,TRN,
Trowbridge,51.319954,-2.215222,TRO,
Truro,50.263603,-5.063017,TRU,
Tulloch,56.883984,-4.701509,TUL,
Tulse Hill,51.439713,-0.10506,TUH,
Tunbridge Wells,51.130119,0.262435,TBW,
Turkey Street,51.673481,-0.047594,TUR,
Tutbury & Hatton,52.864342,-1.682085,TUT,
Tweedbank,55.604394,-2.764936,TWB,
Twickenham,51.450321,-0.329136,TWI,
Twyford,51.475605,-0.86389,TWY,
Ty Croes,53.222885,-4.476033,TYC,
Ty Glas,51.519104,-3.193341,TGS,
Tygwyn,52.893307,-4.079579,TYG,
Tyndrum Lower,56.433407,-4.714873,TYL,
Tyseley,52.453819,-1.839568,TYS,
Tywyn,52.584663,-4.092974,TYW,
Uckfield,50.968651,0.095048,UCK,
Uddingston,55.823669,-4.086266,UDD,
Ulceby,53.619457,-0.30063,ULC,
Ulleskelf,53.85276,-1.215536,ULL,
Ulverston,54.191872,-3.097327,ULV,
Umberleigh,50.996704,-3.982228,UMB,
University (Birmingham),52.451218,-1.936691,UNI,
Uphall,55.919395,-3.499279,UHA,
Upholland,53.528192,-2.741346,UPL,
Upminster,51.559307,0.251938,UPM,
Upper Halliford,51.413036,-0.429722,UPH,
Upper Holloway,51.563652,-0.129293,UHL,
Upper Tyndrum,56.434551,-4.7036,UTY,
Upper Warlingham,51.307972,-0.077498,UWL,
Upton,53.385712,-3.084013,UPT,
Upwey,50.64838,-2.466731,UPW,
Urmston,53.448203,-2.35344,URM,
Uttoxeter,52.897041,-1.857258,UTT,
Valley,53.281281,-4.563436,VAL,
Vauxhall,51.485686,-0.124025,VXH,
Virginia Water,51.401257,-0.562389,VIR,
Waddon,51.367062,-0.116688,WDO,
Wadhurst,51.07338,0.312483,WAD,
Wainfleet,53.105373,0.234774,WFL,
Wakefield Kirkgate,53.67897,-1.488254,WKK,
Wakefield Westgate,53.681736,-1.506386,WKF,
Walkden,53.520313,-2.395128,WKD,
Wallasey Grove Road,53.428049,-3.06982,WLG,
Wallasey Village,53.422695,-3.069901,WLV,
Wallington,51.360424,-0.151431,WLT,
Wallyford,55.942322,-3.013417,WAF,
Walmer,51.203808,1.382819,WAM,
Walsall,52.584282,-1.98521,WSL,
Walsden,53.696056,-2.104719,WDN,
Waltham Cross,51.684834,-0.026846,WLC,
Walthamstow Central,51.583092,-0.019715,WHC,
Walthamstow Queens Road,51.581367,-0.024113,WMW,
Walton (Merseyside),53.456346,-2.965794,WAO,
Walton-On-Thames,51.372364,-0.413873,WAL,
Walton-On-The-Naze,51.846603,1.268192,WON,
Wanborough,51.245129,-0.66756,WAN,
Wandsworth Common,51.446072,-0.165239,WSW,
Wandsworth Road,51.470829,-0.138332,WWR,
Wandsworth Town,51.460812,-0.187679,WNT,
Wanstead Park,51.551746,0.025089,WNP,
Wapping,51.50372,-0.05629,WPE,
Warblington,50.853382,-0.967163,WBL,
Ware,51.808056,-0.028729,WAR,
Wareham,50.692425,-2.114646,WRM,
Wargrave,51.498217,-0.876589,WGV,
Warminster,51.206722,-2.177467,WMN,
Warnham,51.0933,-0.329193,WNH,
Warrington Bank Quay,53.385509,-2.602871,WBQ,
Warrington Central,53.391857,-2.592434,WAC,
Warrington West,53.393744,-2.636929,WAW,
Warwick,52.286861,-1.582155,WRW,
Warwick Parkway,52.286268,-1.613493,WRP,
Water Orton,52.518379,-1.743538,WTO,
Waterbeach,52.26268,0.196555,WBC,
Wateringbury,51.249214,0.423039,WTR,
Waterloo (Merseyside),53.474968,-3.025532,WLO,
Watford High Street,51.652743,-0.391656,WFH,
Watford Junction,51.663475,-0.396506,WFJ,
Watford North,51.675087,-0.3903,WFN,
Watlington,52.672703,0.382736,WTG,
Watton-At-Stone,51.857201,-0.119521,WAS,
Waun-Gron Park,51.486366,-3.228492,WNG,
Wavertree Technology Park,53.405132,-2.922964,WAV,
Wedgwood,52.951839,-2.171135,WED,
Wedgwood Lane,52.95097,-2.17558,WER,
Weeley,51.852566,1.114661,WEE,
Weeton,53.923813,-1.581206,WET,
Welham Green,51.736324,-0.209989,WMG,
Welling,51.464966,0.101872,WLI,
Wellingborough,52.303867,-0.676496,WEL,
Wellington (Shropshire),52.700928,-2.516438,WLN,
Wells Next The Sea,52.95288,0.850696,WEN,
Welshpool,52.656998,-3.141297,WLP,
Welwyn Garden City,51.800957,-0.203081,WGC,
Welwyn North,51.824165,-0.191992,WLW,
Wem,52.856293,-2.718784,WEM,
Wembley Central,51.551468,-0.296592,WMB,
Wembley Stadium,51.553993,-0.284958,WCX,
Wemyss Bay,55.876656,-4.888525,WMS,
Wendover,51.76193,-0.747778,WND,
Wennington,54.123531,-2.587517,WNN,
West Allerton,53.36912,-2.907,WSA,
West Brompton,51.487289,-0.195265,WBP,
West Byfleet,51.339394,-0.505468,WBY,
West Calder,55.853848,-3.567045,WCL,
West Croydon,51.378517,-0.101844,WCY,
West Drayton,51.509827,-0.472515,WDT,
West Dulwich,51.440388,-0.090646,WDU,
West Ealing,51.513123,-0.320792,WEA,
West Ham,51.528709,0.005323,WEH,
West Hampstead,51.54711,-0.191016,WHD,
West Hampstead Thameslink,51.548644,-0.1924,WHP,
West Horndon,51.56744,0.341807,WHR,
West Kilbride,55.696842,-4.851365,WKB,
West Kirby,53.373171,-3.183771,WKI,
West Malling,51.291584,0.418098,WMA,
West Norwood,51.431583,-0.102517,WNW,
West Ruislip,51.569708,-0.437812,WRU,
West Runton,52.935497,1.245516,WRN,
West St Leonards,50.85368,0.540303,WLD,
West Sutton,51.365734,-0.20437,WSU,
West Wickham,51.381577,-0.015495,WWI,
West Worthing,50.818111,-0.392983,WWO,
Westbury,51.26693,-2.199202,WSB,
Westcliff,51.537437,0.692146,WCF,
Westcombe Park,51.484428,0.017787,WCB,
Westenhanger,51.095444,1.037775,WHA,
Wester Hailes,55.913727,-3.284654,WTA,
Westerfield,52.081417,1.167082,WFI,
Westerton,55.905479,-4.335444,WES,
Westgate-On-Sea,51.381386,1.338402,WGA,
Westhoughton,53.555775,-2.523773,WHG,
Weston Milton,51.348579,-2.942236,WNM,
Weston-Super-Mare,51.34454,-2.972301,WSM,
Wetheral,54.883308,-2.833897,WRL,
Weybridge,51.361248,-0.457352,WYB,
Weymouth,50.61515,-2.455103,WEY,
Whaley Bridge,53.330402,-1.983448,WBR,
Whalley,53.824165,-2.412186,WHE,
Whatstandwell,53.083076,-1.504312,WTS,
Whifflet,55.852596,-4.022313,WFF,
Whimple,50.768253,-3.354243,WHM,
Whinhill,55.938396,-4.746744,WNL,
Whiston,53.413932,-2.796407,WHN,
Whitby,54.484615,-0.615376,WTB,
Whitchurch (Cardiff),51.520599,-3.222209,WHT,
Whitchurch (Hampshire),51.237358,-1.338183,WCH,
Whitchurch (Shropshire),52.968048,-2.671497,WTC,
White Hart Lane,51.604622,-0.070759,WHL,
White Notley,51.839069,0.596874,WNY,
Whitechapel,51.519091,-0.061404,ZLW,
Whitecraigs,55.790001,-4.310977,WCR,
Whitehaven,54.552864,-3.586843,WTH,
Whitland,51.817989,-4.614454,WTL,
Whitley Bridge,53.698685,-1.159331,WBD,
Whitlocks End,52.3918,-1.851545,WTE,
Whitstable,51.358204,1.033577,WHI,
Whittlesea,52.549522,-0.116602,WLE,
Whittlesford Parkway,52.104092,0.165388,WLF,
Whitton,51.447109,-0.356607,WTN,
Whitwell,53.280987,-1.20055,WWL,
Whyteleafe South,51.303474,-0.077684,WHS,
Whyteleafe,51.309834,-0.081725,WHY,
Wick,58.441788,-3.097965,WCK,
Wickford,51.615025,0.519052,WIC,
Wickham Market,52.151421,1.398685,WCM,
Widdrington,55.241428,-1.61623,WDD,
Widnes,53.37849,-2.733556,WID,
Widney Manor,52.396175,-1.773647,WMR,
Wigan North Western,53.543564,-2.632287,WGN,
Wigan Wallgate,53.545353,-2.633814,WGW,
Wigton,54.829365,-3.164373,WGT,
Wildmill,51.520824,-3.579684,WMI,
Willesden Junction,51.5322,-0.2435,WIJ,
Williamwood,55.79398,-4.290462,WLM,
Willington,52.854069,-1.563356,WIL,
Wilmcote,52.222618,-1.755493,WMC,
Wilmslow,53.326595,-2.225177,WML,
Wilnecote,52.610817,-1.679499,WNE,
Wimbledon Chase,51.409958,-0.214138,WBO,
Wimbledon,51.421528,-0.206496,WIM,
Winchelsea,50.933716,0.701241,WSE,
Winchester,51.067303,-1.320628,WIN,
Winchfield,51.284481,-0.90733,WNF,
Winchmore Hill,51.633896,-0.101314,WIH,
Windermere,54.379745,-2.904339,WDM,
Windsor & Eton Central,51.48275,-0.608806,WNC,
Windsor & Eton Riverside,51.486309,-0.605804,WNR,
Winnersh,51.430779,-0.87795,WNS,
Winnersh Triangle,51.437233,-0.895052,WTI,
Winsford,53.190505,-2.494669,WSF,
Wishaw,55.772346,-3.927267,WSH,
Witham,51.805702,0.641373,WTM,
Witley,51.133362,-0.645059,WTY,
Witton,52.51141,-1.883566,WTT,
Wivelsfield,50.964249,-0.121633,WVF,
Wivenhoe,51.855789,0.955116,WIV,
Woburn Sands,52.01817,-0.654073,WOB,
Woking,51.31847,-0.557814,WOK,
Wokingham,51.411556,-0.842473,WKM,
Woldingham,51.289547,-0.051013,WOH,
Wolverhampton,52.587818,-2.119529,WVH,
Wolverton,52.064861,-0.80377,WOL,
Wombwell,53.517754,-1.417811,WOM,
Wood End,52.344143,-1.844372,WDE,
Wood Street,51.587284,-0.00221,WST,
Woodbridge,52.089855,1.31807,WDB,
Woodgrange Park,51.548706,0.04514,WGR,
Woodhall,55.931339,-4.655614,WDL,
Woodhouse,53.364639,-1.358278,WDH,
Woodlesford,53.756969,-1.443328,WDS,
Woodley,53.429245,-2.093275,WLY,
Woodmansterne,51.31012,-0.154887,WME,
Woodsmoor,53.386055,-2.1413,WSR,
Wool,50.68148,-2.220775,WOO,
Woolston,50.898556,-1.37713,WLS,
Woolwich,51.491578,0.071819,WWC,
Woolwich Arsenal,51.489815,0.069883,WWA,
Woolwich Dockyard,51.49099,0.054083,WWD,
Wootton Wawen,52.265831,-1.784561,WWW,
Worcester Foregate Street,52.194801,-2.220885,WOF,
Worcester Park,51.381649,-0.245415,WCP,
Worcestershire Parkway,52.15622,-2.1597,WOP,
Worcester Shrub Hill,52.194817,-2.210642,WOS,
Workington,54.645061,-3.558626,WKG,
Worksop,53.311005,-1.123444,WRK,
Worle,51.357995,-2.909703,WOR,
Worplesdon,51.288189,-0.581705,WPL,
Worstead,52.777256,1.404282,WRT,
Worthing,50.818768,-0.375924,WRH,
Wrabness,51.939228,1.17014,WRB,
Wraysbury,51.457661,-0.541906,WRY,
Wrenbury,53.019311,-2.596089,WRE,
Wressle,53.773212,-0.924169,WRS,
Wrexham Central,53.044876,-2.996385,WXC,
Wrexham General,53.05022,-3.002467,WRX,
Wye,51.185463,0.929188,WYE,
Wylam,54.974991,-1.814058,WYM,
Wylde Green,52.545599,-1.831461,WYL,
Wymondham,52.564804,1.11769,WMD,
Wythall,52.380131,-1.866284,WYT,
Yalding,51.226067,0.4118,YAL,
Yardley Wood,52.421478,-1.854396,YRD,
Yarm,54.506115,-1.35597,YRM,
Yarmouth (Isle of Wight),50.70765,-1.50002,YMH,
Yate,51.540554,-2.432541,YAE,
Yatton,51.390965,-2.827815,YAT,
Yeoford,50.77684,-3.726109,YEO,
Yeovil Junction,50.924686,-2.613198,YVJ,
Yeovil Pen Mill,50.944466,-2.613461,YVP,
Yetminster,50.896114,-2.573004,YET,
Ynyswen,51.668095,-3.526959,YNW,
Yoker,55.892792,-4.387464,YOK,
York,53.957966,-1.093159,YRK,
Yorton,52.809009,-2.73645,YRT,
Ystrad Mynach,51.640884,-3.241342,YSM,
Ystrad Rhondda,51.644478,-3.47557,YSR,
